Id,genre
7625,0
10059,0
8322,0
22036,0
12324,0
25704,0
25533,0
21131,0
7827,0
18480,0
6366,0
26310,0
8161,0
16145,0
26726,0
28957,0
7656,0
32261,0
35245,0
14835,0
5356,0
2990,0
38395,0
13504,0
25077,0
17690,0
18392,0
18734,0
2863,0
40033,0
39296,0
5199,0
10308,0
36981,0
9389,0
29081,0
12114,0
36475,0
14759,0
5941,0
2791,0
5989,0
26896,0
655,0
20817,0
6330,0
4237,0
21771,0
5662,0
27175,0
20718,0
37746,0
12865,0
17926,0
4091,0
16971,0
39423,0
40495,0
19831,0
27634,0
2830,0
23298,0
1139,0
2865,0
36145,0
18005,0
40197,0
37773,0
15864,0
2004,0
28507,0
33806,0
8059,0
27858,0
12871,0
29728,0
39413,0
15988,0
38535,0
23025,0
25910,0
40815,0
7162,0
35112,0
22638,0
40161,0
40721,0
21222,0
7337,0
12033,0
19411,0
1608,0
23448,0
15274,0
8901,0
39784,0
7,0
28825,0
31247,0
21443,0
24677,0
2893,0
20000,0
5841,0
26130,0
3141,0
4168,0
9779,0
22773,0
11475,0
1282,0
27462,0
4401,0
14293,0
32135,0
13024,0
8040,0
2191,0
34066,0
23129,0
39119,0
14958,0
7278,0
3923,0
7980,0
17994,0
29067,0
9235,0
39816,0
5011,0
19431,0
19718,0
9189,0
26195,0
12649,0
14603,0
34940,0
42129,0
34685,0
36493,0
9679,0
28688,0
216,0
21308,0
17460,0
16180,0
25180,0
6753,0
22651,0
14948,0
40463,0
40519,0
27265,0
31236,0
37821,0
13301,0
6803,0
27269,0
32747,0
36616,0
25627,0
40494,0
12188,0
8501,0
27149,0
34325,0
11852,0
27583,0
39358,0
12068,0
354,0
2399,0
32017,0
18217,0
3581,0
7613,0
6612,0
23995,0
9370,0
11141,0
4788,0
26725,0
7732,0
30743,0
7330,0
30245,0
8375,0
11674,0
23389,0
6757,0
37330,0
4086,0
31001,0
7449,0
28533,0
25836,0
40137,0
4815,0
28424,0
38797,0
34777,0
15454,0
3290,0
34209,0
26635,0
40661,0
465,0
7364,0
21367,0
4056,0
31350,0
4104,0
2362,0
26942,0
41826,0
20636,0
20149,0
37818,0
40714,0
31617,0
1402,0
29681,0
2081,0
10229,0
17972,0
26154,0
36882,0
41060,0
16503,0
41578,0
23517,0
26834,0
34001,0
27615,0
14406,0
25087,0
13484,0
343,0
18391,0
3885,0
40853,0
7258,0
17212,0
9790,0
32420,0
32300,0
10226,0
41623,0
28169,0
8790,0
9317,0
31638,0
29264,0
12493,0
2331,0
16666,0
20727,0
314,0
13396,0
31659,0
36657,0
4513,0
2561,0
11247,0
30190,0
3628,0
38421,0
32321,0
21487,0
4855,0
802,0
35781,0
5579,0
6898,0
39126,0
26037,0
38436,0
16109,0
9737,0
9920,0
6808,0
30192,0
28052,0
41547,0
7811,0
27585,0
1985,0
5726,0
1278,0
15499,0
39730,0
28962,0
26596,0
13192,0
7586,0
14092,0
26527,0
25478,0
19092,0
22964,0
39610,0
36158,0
39389,0
34322,0
34986,0
14295,0
34038,0
23219,0
9846,0
24983,0
17128,0
2507,0
19057,0
1829,0
33368,0
12461,0
33060,0
6233,0
18373,0
41715,0
27975,0
29564,0
42249,0
30956,0
15388,0
36379,0
22177,0
20109,0
25630,0
19147,0
27539,0
25497,0
17080,0
38931,0
41029,0
6275,0
35528,0
19792,0
12506,0
16870,0
6312,0
41478,0
38484,0
23208,0
37523,0
9266,0
9899,0
39300,0
6217,0
17723,0
17582,0
27787,0
6605,0
26749,0
12739,0
23997,0
27041,0
9590,0
29094,0
23081,0
9353,0
30115,0
33786,0
2541,0
34930,0
1993,0
17712,0
1681,0
22859,0
34052,0
19012,0
19519,0
36890,0
36827,0
19907,0
9287,0
4325,0
19058,0
745,0
26282,0
37869,0
3242,0
7852,0
42223,0
37908,0
18380,0
29232,0
32351,0
37708,0
322,0
36760,0
31451,0
14563,0
29356,0
30433,0
9240,0
13991,0
21155,0
18113,0
15019,0
28981,0
38480,0
31287,0
4518,0
27295,0
8225,0
41289,0
28291,0
30422,0
41082,0
27061,0
38290,0
36599,0
9025,0
19013,0
24382,0
42119,0
25635,0
15239,0
32701,0
3705,0
19185,0
34146,0
11607,0
17255,0
37200,0
39431,0
9205,0
6868,0
21440,0
15908,0
37680,0
31347,0
27333,0
39832,0
36096,0
32002,0
10127,0
29002,0
651,0
17639,0
23812,0
18846,0
25052,0
38760,0
10092,0
21656,0
9739,0
38437,0
18491,0
41088,0
16461,0
36847,0
21594,0
4095,0
41584,0
30946,0
32608,0
7829,0
9743,0
39087,0
9758,0
39701,0
27262,0
19174,0
38531,0
9024,0
32748,0
7155,0
31927,0
31696,0
13863,0
32390,0
41957,0
33292,0
7722,0
16398,0
3104,0
30406,0
25541,0
11933,0
25590,0
32033,0
33849,0
22678,0
33818,0
11069,0
24761,0
18082,0
20283,0
23639,0
2055,0
36430,0
624,0
39204,0
27130,0
39169,0
3434,0
37096,0
12234,0
18092,0
3861,0
32315,0
41727,0
17210,0
28578,0
1005,0
4884,0
9810,0
29415,0
37801,0
13455,0
7049,0
36798,0
9441,0
15252,0
26761,0
14218,0
2885,0
26979,0
3715,0
13130,0
17666,0
11368,0
35539,0
5944,0
16796,0
25132,0
18699,0
32614,0
19140,0
16113,0
20775,0
31068,0
20024,0
28990,0
14065,0
22046,0
29501,0
21216,0
5488,0
13618,0
7070,0
37388,0
4160,0
2649,0
23001,0
27726,0
33599,0
11096,0
16570,0
16391,0
11401,0
31028,0
38312,0
38394,0
15269,0
40773,0
24097,0
3488,0
34878,0
2385,0
32470,0
35134,0
12574,0
30054,0
13701,0
26077,0
7225,0
29555,0
5352,0
28528,0
40176,0
36376,0
7920,0
4034,0
40163,0
39430,0
2360,0
12629,0
13197,0
38029,0
21476,0
42175,0
31293,0
23500,0
14335,0
8492,0
16437,0
13744,0
20952,0
21659,0
29817,0
29773,0
40877,0
19688,0
21193,0
5795,0
20604,0
1736,0
18917,0
11567,0
27513,0
42189,0
18053,0
3016,0
1331,0
7315,0
532,0
30759,0
15259,0
35888,0
37365,0
5183,0
1414,0
12702,0
5134,0
41413,0
4178,0
734,0
18010,0
13206,0
40046,0
23280,0
21436,0
14280,0
9469,0
1000,0
16906,0
10741,0
22954,0
27660,0
6134,0
31768,0
1616,0
14061,0
34778,0
10016,0
5035,0
36372,0
29720,0
16828,0
35136,0
34102,0
37557,0
5170,0
1687,0
33486,0
11635,0
16106,0
10243,0
39366,0
5102,0
34933,0
8013,0
38007,0
19682,0
31679,0
19244,0
20645,0
11762,0
17780,0
19916,0
37382,0
35339,0
38895,0
37602,0
13519,0
25545,0
27279,0
3105,0
24471,0
5343,0
11245,0
13353,0
10709,0
30047,0
40217,0
4421,0
7419,0
28361,0
7646,0
39008,0
17856,0
41293,0
39664,0
21030,0
41066,0
26454,0
22537,0
22702,0
16394,0
29646,0
20194,0
30312,0
20525,0
8362,0
15291,0
37225,0
1822,0
27958,0
28849,0
16172,0
29798,0
4277,0
20956,0
26914,0
33485,0
5159,0
13912,0
37985,0
22679,0
22532,0
22214,0
26095,0
31874,0
35504,0
9591,0
22635,0
25030,0
28502,0
8768,0
40912,0
9233,0
26094,0
22039,0
9936,0
19749,0
4128,0
29254,0
20492,0
34597,0
16751,0
7780,0
7815,0
13330,0
20729,0
15400,0
12248,0
17117,0
18194,0
40615,0
32004,0
1680,0
40744,0
31936,0
22478,0
6424,0
38641,0
33173,0
1900,0
20279,0
36307,0
5921,0
6324,0
748,0
5881,0
40518,0
29023,0
962,0
16814,0
16804,0
24903,0
4613,0
17055,0
30602,0
18191,0
35312,0
29664,0
21745,0
10157,0
8085,0
20486,0
20129,0
13032,0
7525,0
24691,0
33966,0
26344,0
25687,0
21898,0
19957,0
33879,0
21567,0
30576,0
23191,0
252,0
28564,0
25012,0
28330,0
32845,0
20201,0
17501,0
14365,0
936,0
4071,0
17841,0
10286,0
842,0
28826,0
34593,0
28051,0
33022,0
41205,0
25089,0
18418,0
10406,0
27057,0
12082,0
14453,0
1670,0
1911,0
36747,0
231,0
6916,0
15780,0
10560,0
13867,0
27547,0
7481,0
40896,0
27375,0
625,0
12556,0
34506,0
14774,0
6244,0
31118,0
9225,0
7755,0
33083,0
37305,0
23629,0
24886,0
4580,0
27137,0
22374,0
19931,0
12593,0
1603,0
1682,0
37938,0
24573,0
28233,0
11532,0
33502,0
27782,0
323,0
29812,0
17895,0
16063,0
13905,0
38586,0
22956,0
22332,0
27960,0
10008,0
35552,0
24674,0
725,0
13660,0
36580,0
31895,0
15497,0
10497,0
33392,0
2826,0
13256,0
3640,0
40635,0
15578,0
17965,0
17561,0
2915,0
41562,0
33279,0
32582,0
11597,0
25908,0
26301,0
21850,0
37764,0
39083,0
20464,0
10999,0
27504,0
8755,0
7592,0
26620,0
729,0
39205,0
41291,0
800,0
5264,0
38470,0
40432,0
19327,0
21261,0
38367,0
3445,0
13340,0
35501,0
20088,0
6129,0
19876,0
23655,0
41624,0
20899,0
40683,0
261,0
4548,0
36428,0
35331,0
24389,0
41928,0
30277,0
4285,0
18152,0
36655,0
7132,0
18209,0
9020,0
36073,0
31690,0
16307,0
9051,0
19415,0
4564,0
12689,0
18048,0
10536,0
6293,0
14243,0
41396,0
5382,0
15020,0
3230,0
13941,0
28110,0
25043,0
13033,0
27159,0
5369,0
17847,0
35038,0
19119,0
38024,0
41873,0
40107,0
29942,0
12800,0
24015,0
32494,0
3734,0
24002,0
23587,0
22053,0
23210,0
35403,0
30661,0
24562,0
33791,0
2549,0
40830,0
42049,0
14946,0
10675,0
26628,0
7478,0
24155,0
9781,0
7238,0
20488,0
17566,0
18357,0
25193,0
31484,0
28234,0
21215,0
16511,0
25528,0
18398,0
19386,0
12104,0
35678,0
13363,0
3944,0
13431,0
21455,0
42009,0
36032,0
26271,0
36078,0
39581,0
1905,0
12036,0
35673,0
27479,0
4347,0
16912,0
27561,0
39944,0
37385,0
38519,0
17125,0
39913,0
4448,0
21317,0
37215,0
1162,0
39920,0
31753,0
19460,0
39069,0
756,0
20876,0
31543,0
30510,0
36856,0
1503,0
12080,0
27060,0
22768,0
36447,0
25789,0
29481,0
20029,0
16951,0
16993,0
7886,0
37128,0
884,0
16609,0
38682,0
33261,0
1395,0
16114,0
42050,0
11444,0
21769,0
23890,0
10013,0
8780,0
18009,0
772,0
41692,0
2635,0
35126,0
26103,0
41953,0
26011,0
22533,0
23687,0
14655,0
35915,0
29308,0
8122,0
22325,0
28058,0
7945,0
34226,0
21900,0
13426,0
37811,0
30934,0
40857,0
18362,0
8200,0
30878,0
25550,0
5001,0
22895,0
12212,0
16298,0
3929,0
35413,0
7064,0
40862,0
7390,0
2348,0
37426,0
9640,0
657,0
24571,0
9035,0
9532,0
13834,0
6832,0
40390,0
26824,0
21241,0
15727,0
3000,0
5377,0
1647,0
32499,0
4,0
15294,0
4506,0
857,0
1377,0
41554,0
26053,0
40680,0
15101,0
17479,0
14625,0
13609,0
33308,0
35370,0
37501,0
4538,0
25196,0
39133,0
5360,0
3541,0
30068,0
33408,0
21775,0
39332,0
2276,0
40808,0
18059,0
25562,0
37343,0
24622,0
27802,0
7497,0
28456,0
26339,0
31155,0
14976,0
20190,0
34722,0
10276,0
23113,0
8617,0
4419,0
14889,0
25377,0
34586,0
39265,0
6049,0
34819,0
16104,0
14644,0
2296,0
28880,0
29746,0
21558,0
17953,0
40326,0
24392,0
6016,0
19269,0
7266,0
20779,0
13940,0
2300,0
24157,0
4217,0
29543,0
6237,0
38711,0
37147,0
34600,0
7579,0
32576,0
33596,0
30566,0
33456,0
10822,0
31260,0
3025,0
13517,0
31120,0
21820,0
38577,0
14836,0
19545,0
2322,0
8592,0
19850,0
37312,0
32907,0
15488,0
36025,0
40638,0
39552,0
18104,0
12370,0
8442,0
25392,0
5925,0
32380,0
17605,0
2289,0
3277,0
21234,0
11426,0
8920,0
23176,0
17224,0
20042,0
6847,0
24947,0
6427,0
21967,0
13653,0
39619,0
32519,0
31693,0
28951,0
10347,0
24615,0
26298,0
34668,0
25602,0
13364,0
2463,0
19756,0
1291,0
12551,0
8729,0
25096,0
22458,0
12790,0
12783,0
16730,0
4530,0
20148,0
33831,0
3564,0
12304,0
19295,0
39409,0
32525,0
26741,0
13150,0
6865,0
3555,0
2658,0
12946,0
3593,0
16801,0
5503,0
10504,0
7401,0
19048,0
35068,0
33273,0
30604,0
17418,0
27372,0
41394,0
37138,0
22974,0
6245,0
35792,0
37236,0
39483,0
32213,0
13534,0
38386,0
37439,0
3115,0
38648,0
3253,0
26447,0
12753,0
32514,0
17963,0
11858,0
24383,0
41705,0
8194,0
30138,0
26056,0
32282,0
1570,0
33218,0
9061,0
35978,0
33221,0
30665,0
34113,0
33315,0
12276,0
6361,0
17612,0
11478,0
26110,0
13082,0
29626,0
32421,0
13069,0
18955,0
20646,0
13174,0
1864,0
2265,0
18002,0
7236,0
19825,0
18995,0
12058,0
31245,0
28542,0
9747,0
23971,0
233,0
1912,0
6736,0
17060,0
14926,0
22158,0
5457,0
9165,0
24318,0
17079,0
26895,0
19392,0
31783,0
16811,0
30338,0
35774,0
3375,0
2514,0
18115,0
7142,0
20657,0
36243,0
8372,0
22798,0
36601,0
144,0
6399,0
40403,0
37402,0
25955,0
34769,0
4859,0
11102,0
30259,0
10863,0
32477,0
21768,0
36235,0
34477,0
6585,0
3425,0
482,0
430,0
21679,0
27152,0
37415,0
27780,0
11665,0
26827,0
38374,0
31939,0
18136,0
20072,0
36817,0
879,0
8919,0
22636,0
29230,0
585,0
24823,0
21600,0
21203,0
3211,0
33176,0
16362,0
28791,0
39149,0
4990,0
42284,0
35019,0
12515,0
25875,0
9672,0
16982,0
8474,0
8145,0
26633,0
36136,0
33936,0
32287,0
39884,0
9712,0
38652,0
19099,0
40366,0
30560,0
22914,0
4563,0
30427,0
39228,0
35086,0
7229,0
33425,0
2746,0
16675,0
24105,0
9666,0
26521,0
30558,0
11107,0
35686,0
1430,0
12223,0
23367,0
36342,0
17825,0
27292,0
13793,0
4289,0
6821,0
20395,0
17846,0
34037,0
15395,0
7335,0
41998,0
10284,0
12488,0
28353,0
24353,0
30231,0
5576,0
29253,0
3169,0
40396,0
23075,0
28689,0
3418,0
7388,0
39357,0
17498,0
29050,0
36693,0
38456,0
16157,0
19211,0
14875,0
33959,0
14750,0
20204,0
20357,0
22579,0
35861,0
23597,0
30067,0
35013,0
11163,0
19638,0
15247,0
28764,0
17240,0
15676,0
40002,0
3643,0
4500,0
17599,0
31046,0
25928,0
31256,0
18451,0
24835,0
19511,0
3308,0
14462,0
29445,0
14339,0
3220,0
28301,0
9087,0
18842,0
1487,0
19408,0
33750,0
24595,0
30361,0
41505,0
6648,0
39943,0
6573,0
36974,0
41387,0
40563,0
28425,0
217,0
29911,0
8960,0
34280,0
37461,0
35225,0
24720,0
5683,0
16584,0
5137,0
2304,0
41868,0
12833,0
22035,0
13247,0
10007,0
28098,0
24568,0
15801,0
7289,0
16966,0
27358,0
26826,0
17419,0
36507,0
2111,0
24646,0
23594,0
31087,0
35004,0
25386,0
4702,0
40,0
24203,0
3953,0
11667,0
491,0
34181,0
40087,0
31162,0
19914,0
32221,0
5874,0
17220,0
34977,0
17641,0
26151,0
20482,0
26275,0
14768,0
27817,0
35040,0
20260,0
34792,0
11438,0
12459,0
24807,0
42203,0
6404,0
37184,0
10820,0
24836,0
10163,0
4729,0
41600,0
23686,0
16431,0
21926,0
20275,0
9194,0
38168,0
28194,0
4679,0
17016,0
6108,0
12474,0
6119,0
26156,0
8116,0
26947,0
11121,0
22762,0
10840,0
19245,0
38670,0
20834,0
38822,0
9736,0
16534,0
6521,0
11583,0
22021,0
22248,0
29716,0
31094,0
1157,0
14829,0
31184,0
35216,0
24446,0
18736,0
1045,0
35252,0
2247,0
20987,0
39573,0
18198,0
219,0
29451,0
12628,0
4455,0
36335,0
4070,0
37455,0
27813,0
40004,0
1866,0
17213,0
35602,0
26778,0
29525,0
17832,0
13377,0
28774,0
37300,0
25626,0
18789,0
32270,0
37277,0
8975,0
1121,0
4057,0
27317,0
36996,0
20576,0
38811,0
34024,0
13997,0
4630,0
28101,0
32672,0
33141,0
7441,0
13004,0
20347,0
15599,0
21846,0
24001,0
25764,0
39625,0
27971,0
21361,0
776,0
7762,0
23986,0
14324,0
17554,0
36391,0
35617,0
15073,0
13938,0
22683,0
19655,0
4976,0
1731,0
18804,0
21855,0
38703,0
35483,0
19144,0
7891,0
15594,0
17440,0
30332,0
21340,0
26228,0
2158,0
19776,0
1699,0
33157,0
28516,0
16243,0
8982,0
18714,0
7745,0
33955,0
13131,0
2135,0
9401,0
42027,0
36546,0
14612,0
11917,0
33612,0
3855,0
33950,0
5216,0
20218,0
13345,0
25845,0
24422,0
11418,0
15788,0
5676,0
14058,0
22457,0
26696,0
29762,0
23069,0
34456,0
18370,0
11644,0
37589,0
2730,0
12627,0
6921,0
32065,0
34108,0
3843,0
24880,0
27941,0
10689,0
369,0
10780,0
26068,0
29016,0
16790,0
2000,0
28090,0
4280,0
25644,0
36488,0
21734,0
621,0
646,0
30940,0
30233,0
1557,0
12421,0
42229,0
34966,0
30012,0
8231,0
1227,0
25452,0
34236,0
40145,0
16594,0
12052,0
2528,0
15466,0
30477,0
12968,0
41262,0
28184,0
12788,0
23884,0
27119,0
34696,0
36499,0
10421,0
10797,0
35259,0
36445,0
16228,0
943,0
40948,0
15214,0
11947,0
41595,0
38967,0
26611,0
38824,0
12492,0
16284,0
14150,0
14091,0
32788,0
34444,0
15415,0
3519,0
890,0
3265,0
8765,0
9661,0
10263,0
23400,0
29828,0
35357,0
4750,0
40617,0
33136,0
27204,0
289,0
10480,0
32211,0
14158,0
2608,0
22790,0
12727,0
36427,0
12528,0
21297,0
19424,0
19580,0
16522,0
37370,0
33991,0
476,0
27512,0
25313,0
18502,0
32236,0
5042,0
8374,0
5370,0
13000,0
24092,0
23217,0
19253,0
10445,0
17008,0
20346,0
7947,0
36915,0
3863,0
33676,0
19110,0
39003,0
3928,0
32774,0
4201,0
5893,0
24581,0
17168,0
33895,0
10351,0
27232,0
15353,0
8659,0
7024,0
23951,0
10499,0
16377,0
16690,0
30258,0
20825,0
38144,0
40843,0
9060,0
41067,0
26098,0
37260,0
36874,0
28476,0
10393,0
20479,0
31820,0
6592,0
12600,0
33519,0
16695,0
26054,0
39118,0
40761,0
13160,0
24862,0
12358,0
25024,0
26379,0
18250,0
28512,0
24803,0
1043,0
39171,0
18278,0
686,0
25271,0
36420,0
31681,0
29547,0
17075,0
4219,0
16595,0
29595,0
34708,0
1464,0
4047,0
4962,0
34310,0
2150,0
3270,0
38534,0
1631,0
37221,0
36012,0
13466,0
9902,0
40245,0
4283,0
7915,0
13501,0
16342,0
25781,0
16871,0
16281,0
5053,0
38845,0
31058,0
26994,0
25718,0
10183,0
13817,0
1232,0
25904,0
36900,0
35862,0
42149,0
36989,0
22364,0
33600,0
33960,0
40208,0
37289,0
28792,0
35933,0
41731,0
7126,0
38100,0
20730,0
39716,0
16798,0
10586,0
4265,0
2181,0
6100,0
7738,0
31803,0
40467,0
12732,0
33112,0
7431,0
20757,0
7096,0
14117,0
41483,0
4615,0
27904,0
21714,0
21208,0
23323,0
13307,0
14355,0
29484,0
39229,0
29980,0
35688,0
16256,0
5987,0
13151,0
28123,0
3426,0
11104,0
18529,0
25793,0
35224,0
30011,0
32896,0
14514,0
4608,0
13745,0
28056,0
38009,0
12903,0
38888,0
37838,0
37301,0
32968,0
2624,0
34751,0
30352,0
18810,0
16696,0
37057,0
28871,0
2982,0
25846,0
5876,0
28863,0
19785,0
39012,0
35846,0
18876,0
22199,0
1392,0
16264,0
5553,0
39334,0
18216,0
16213,0
6428,0
2666,0
36146,0
15423,0
14641,0
20481,0
22271,0
13094,0
37367,0
11343,0
41539,0
17802,0
23802,0
27021,0
21169,0
24167,0
7976,0
22602,0
2338,0
13097,0
36566,0
25358,0
23138,0
33232,0
26712,0
4851,0
20731,0
20356,0
33490,0
30557,0
6308,0
22864,0
21001,0
10644,0
11711,0
32368,0
7605,0
13085,0
31132,0
14077,0
40487,0
2868,0
40169,0
20274,0
3933,0
29929,0
31502,0
27623,0
4740,0
35036,0
20633,0
42290,0
7720,0
6394,0
26907,0
22789,0
26923,0
15705,0
33322,0
26927,0
2992,0
5478,0
21813,0
4203,0
5533,0
2445,0
2875,0
29233,0
23556,0
21993,0
385,0
6526,0
35103,0
32799,0
32882,0
24108,0
24201,0
9478,0
36241,0
758,0
1697,0
23552,0
25399,0
40937,0
32518,0
39196,0
27590,0
24906,0
41399,0
20057,0
38038,0
29022,0
1962,0
8193,0
22818,0
17731,0
12435,0
15092,0
34269,0
6890,0
33240,0
7001,0
5567,0
36553,0
3798,0
2110,0
25334,0
29382,0
23237,0
33437,0
37665,0
1807,0
9312,0
6340,0
21046,0
9565,0
14320,0
4241,0
24589,0
23076,0
41382,0
27312,0
3460,0
14595,0
6835,0
29298,0
20988,0
5857,0
967,0
25320,0
36302,0
41610,0
29397,0
31425,0
20345,0
708,0
210,0
10173,0
20178,0
61,0
536,0
24269,0
29449,0
37960,0
12690,0
35379,0
40790,0
10921,0
4215,0
22676,0
31975,0
22197,0
32846,0
22913,0
2579,0
5822,0
10951,0
18094,0
1808,0
35140,0
10533,0
20250,0
40067,0
29242,0
25253,0
25546,0
24516,0
41203,0
5787,0
740,0
40288,0
23249,0
20349,0
28958,0
25388,0
9000,0
2585,0
26840,0
3431,0
5959,0
109,0
34500,0
26496,0
4543,0
5853,0
25158,0
6912,0
30014,0
36398,0
15209,0
34343,0
40459,0
2761,0
2531,0
23415,0
40657,0
23083,0
1053,0
10843,0
13674,0
41598,0
19320,0
35874,0
14190,0
24359,0
1289,0
31108,0
31608,0
30858,0
35100,0
39016,0
32204,0
25144,0
1451,0
38882,0
20078,0
18353,0
41848,0
39435,0
37475,0
27141,0
22406,0
16380,0
3979,0
15165,0
26775,0
40129,0
23169,0
35229,0
8305,0
35803,0
30641,0
20038,0
19979,0
11427,0
39972,0
38778,0
19277,0
40663,0
6839,0
30343,0
17687,0
39508,0
15192,0
12241,0
22642,0
26313,0
29406,0
12066,0
28249,0
32910,0
11764,0
25365,0
20084,0
33544,0
29967,0
4619,0
33846,0
34065,0
10081,0
39545,0
36614,0
2269,0
35409,0
34874,0
21145,0
32473,0
29884,0
24869,0
640,0
35656,0
31395,0
5847,0
11658,0
24721,0
10520,0
38819,0
17759,0
9062,0
36928,0
18525,0
19007,0
7406,0
40479,0
4867,0
33990,0
33321,0
6111,0
14005,0
41424,0
15520,0
25324,0
24397,0
32484,0
41532,0
38766,0
38806,0
40378,0
25834,0
4093,0
38558,0
25127,0
20228,0
32008,0
1077,0
31339,0
24889,0
2088,0
20579,0
11032,0
35810,0
19832,0
18833,0
41840,0
15617,0
37729,0
20916,0
4029,0
22098,0
40254,0
6072,0
22105,0
19143,0
28632,0
29683,0
25222,0
21936,0
42228,0
3248,0
27040,0
36083,0
12110,0
13995,0
31513,0
2813,0
9604,0
18760,0
8277,0
1219,0
262,0
19821,0
15071,0
37982,0
1253,0
26833,0
28286,0
36318,0
31092,0
24630,0
8476,0
30181,0
30738,0
1992,0
41210,0
8256,0
27507,0
21089,0
14229,0
15558,0
32267,0
14170,0
32100,0
35689,0
27415,0
14049,0
22243,0
37076,0
32721,0
8913,0
12143,0
12266,0
17912,0
5707,0
23410,0
19026,0
31807,0
25152,0
22582,0
1554,0
4772,0
6650,0
4449,0
41522,0
17367,0
4384,0
21356,0
28852,0
19972,0
32216,0
41457,0
1975,0
37165,0
11180,0
35511,0
6314,0
29440,0
11187,0
10044,0
12994,0
41323,0
34756,0
37840,0
42029,0
4152,0
36612,0
34862,0
24962,0
38698,0
9473,0
42169,0
15118,0
23973,0
39048,0
41720,0
36710,0
36752,0
20734,0
18401,0
13906,0
13196,0
39475,0
5756,0
40993,0
30069,0
20720,0
38957,0
1033,0
25930,0
41779,0
20623,0
39594,0
14699,0
6224,0
9766,0
22562,0
9444,0
8795,0
30300,0
20212,0
12378,0
39925,0
3049,0
9159,0
40511,0
11327,0
8147,0
16286,0
41285,0
22526,0
8801,0
41406,0
10383,0
19258,0
34127,0
41775,0
31787,0
19783,0
15397,0
20512,0
40926,0
2279,0
16343,0
816,0
3673,0
10527,0
18536,0
1078,0
10747,0
38182,0
10827,0
9129,0
16618,0
5288,0
5045,0
25804,0
30910,0
23646,0
26297,0
1791,0
5100,0
36769,0
16418,0
29625,0
30155,0
29616,0
20931,0
25335,0
24800,0
37474,0
1673,0
18308,0
31408,0
7861,0
24960,0
13126,0
25944,0
36723,0
39461,0
5883,0
30125,0
37895,0
19444,0
18576,0
29106,0
6926,0
6730,0
40420,0
4028,0
1748,0
30943,0
35801,0
40433,0
33304,0
25512,0
39379,0
14198,0
37243,0
36076,0
20198,0
24990,0
33740,0
41168,0
11974,0
35849,0
3785,0
14354,0
29115,0
21933,0
13039,0
35174,0
29255,0
1668,0
8824,0
13904,0
31605,0
2299,0
19366,0
26480,0
31409,0
19893,0
17595,0
30764,0
38607,0
7033,0
34842,0
9520,0
22691,0
42297,0
24834,0
25906,0
20994,0
39927,0
34360,0
28137,0
37851,0
25915,0
39562,0
21905,0
12995,0
8230,0
20984,0
279,0
2907,0
6882,0
32637,0
27362,0
10996,0
15851,0
25440,0
9242,0
7062,0
30603,0
34738,0
3836,0
34679,0
3030,0
22183,0
10264,0
18049,0
41875,0
40038,0
28243,0
15363,0
22307,0
25268,0
27571,0
11807,0
18266,0
9682,0
30559,0
31590,0
37354,0
25164,0
16125,0
17989,0
8383,0
30837,0
38567,0
38941,0
23420,0
30236,0
7168,0
15800,0
23258,0
15159,0
31698,0
20220,0
38863,0
10075,0
34107,0
2743,0
27706,0
36968,0
12038,0
22848,0
3510,0
32356,0
34731,0
7474,0
4256,0
6756,0
35700,0
25054,0
31695,0
18956,0
38832,0
28478,0
18121,0
501,0
26152,0
38512,0
7217,0
37137,0
15825,0
23630,0
26944,0
13373,0
37541,0
5878,0
6985,0
23688,0
38836,0
498,0
28944,0
28787,0
5549,0
41706,0
39557,0
5563,0
6046,0
25302,0
32248,0
4273,0
28548,0
6282,0
16604,0
3502,0
10065,0
12617,0
33962,0
2767,0
22314,0
34771,0
42008,0
29517,0
22581,0
12630,0
39821,0
21681,0
6478,0
22600,0
8932,0
34989,0
18397,0
32891,0
18106,0
31202,0
21765,0
32927,0
30689,0
6914,0
18894,0
21130,0
19588,0
15481,0
24620,0
28192,0
2757,0
16529,0
6739,0
21028,0
9246,0
1457,0
4243,0
41864,0
9986,0
2290,0
20801,0
25424,0
1796,0
28544,0
9048,0
25699,0
4707,0
16355,0
19412,0
17082,0
21072,0
13993,0
27095,0
27406,0
12893,0
40461,0
39402,0
29800,0
21399,0
19869,0
2645,0
23532,0
8274,0
7653,0
29835,0
41629,0
24809,0
7724,0
16787,0
32259,0
12959,0
30442,0
34992,0
14513,0
10829,0
17089,0
38574,0
20864,0
5960,0
37342,0
34189,0
4932,0
14083,0
21483,0
12730,0
16841,0
41635,0
6065,0
28829,0
24781,0
11925,0
17556,0
10752,0
10430,0
2969,0
11836,0
3601,0
29596,0
30362,0
7122,0
23876,0
21098,0
12512,0
7932,0
33697,0
32179,0
35278,0
3269,0
31913,0
21185,0
34713,0
8721,0
11958,0
4520,0
11131,0
14424,0
9568,0
38090,0
21459,0
682,0
198,0
33016,0
10598,0
19293,0
41270,0
33280,0
39191,0
21433,0
40001,0
10821,0
36292,0
15929,0
3461,0
13732,0
18365,0
18408,0
21613,0
34333,0
34979,0
16904,0
12829,0
14304,0
31715,0
20005,0
24247,0
18172,0
3899,0
32504,0
7336,0
20335,0
1285,0
28262,0
7949,0
25133,0
36489,0
40348,0
4199,0
35683,0
9685,0
30309,0
29184,0
35687,0
34168,0
16961,0
15726,0
38517,0
13314,0
36275,0
41565,0
17114,0
15607,0
6675,0
38349,0
11872,0
12322,0
42153,0
18849,0
33369,0
11220,0
21198,0
18137,0
14933,0
31387,0
18661,0
39846,0
33143,0
37608,0
30157,0
39911,0
38227,0
27525,0
7844,0
9571,0
21499,0
5186,0
18603,0
33696,0
41433,0
41684,0
10539,0
7298,0
9588,0
40660,0
40529,0
4377,0
31786,0
36898,0
39208,0
30892,0
34164,0
12591,0
6483,0
2323,0
2662,0
7411,0
273,0
1930,0
40439,0
14886,0
17318,0
14084,0
16539,0
27359,0
14771,0
5014,0
39098,0
2554,0
9282,0
24029,0
8201,0
34601,0
36365,0
953,0
28789,0
40367,0
31057,0
35544,0
34082,0
30468,0
16470,0
5920,0
22741,0
31482,0
36272,0
3001,0
30964,0
19165,0
36734,0
14729,0
17289,0
36654,0
27551,0
32116,0
30623,0
30810,0
3548,0
34567,0
5266,0
24707,0
3931,0
1323,0
35791,0
30372,0
13862,0
40777,0
10930,0
8504,0
16170,0
20924,0
19826,0
6401,0
39302,0
608,0
28215,0
35241,0
27426,0
36926,0
24467,0
10189,0
11905,0
33587,0
5262,0
29036,0
12144,0
9836,0
31193,0
11993,0
8341,0
31675,0
40185,0
16030,0
18461,0
15191,0
13505,0
30616,0
12301,0
475,0
791,0
13352,0
28953,0
41083,0
22696,0
41691,0
1467,0
35500,0
7555,0
24361,0
18759,0
12418,0
20958,0
5020,0
11237,0
18488,0
13270,0
35109,0
12594,0
33799,0
35344,0
35522,0
6705,0
22996,0
14216,0
18980,0
22303,0
14704,0
1319,0
36177,0
32751,0
39330,0
20949,0
26305,0
1566,0
13308,0
14789,0
19966,0
16297,0
19139,0
7237,0
41703,0
19557,0
31868,0
18873,0
24044,0
11670,0
22086,0
21450,0
38018,0
110,0
2625,0
31604,0
39176,0
21707,0
12338,0
17516,0
429,0
42276,0
25632,0
18869,0
38440,0
33735,0
31689,0
36086,0
32194,0
7414,0
10781,0
14748,0
15885,0
24645,0
200,0
2772,0
31481,0
27174,0
37533,0
20575,0
20233,0
28111,0
24049,0
1398,0
23200,0
16572,0
21231,0
20352,0
40921,0
41344,0
4579,0
26488,0
32760,0
38942,0
14804,0
22338,0
20364,0
13658,0
36610,0
470,0
36712,0
584,0
24076,0
15443,0
5144,0
40852,0
2799,0
14125,0
28503,0
3945,0
9303,0
41821,0
33219,0
7800,0
41716,0
3214,0
31164,0
13544,0
29810,0
12883,0
27244,0
34377,0
3028,0
12981,0
40489,0
14777,0
35997,0
6420,0
20675,0
7528,0
3916,0
34726,0
20552,0
38597,0
18517,0
39414,0
37571,0
3416,0
39273,0
31929,0
30072,0
34021,0
13588,0
37868,0
27752,0
3154,0
5771,0
33153,0
26075,0
14014,0
23728,0
40671,0
11550,0
850,0
21063,0
3707,0
11124,0
9905,0
27441,0
9830,0
12902,0
24569,0
39849,0
8858,0
5071,0
11393,0
7892,0
33033,0
40415,0
40547,0
3018,0
10098,0
8090,0
31452,0
1786,0
6556,0
37149,0
31717,0
5712,0
32406,0
10850,0
40398,0
24488,0
8934,0
22376,0
8057,0
3617,0
12063,0
31026,0
18600,0
35934,0
18794,0
2116,0
13310,0
13858,0
672,0
14573,0
30525,0
8091,0
1895,0
37296,0
24560,0
25647,0
32063,0
9237,0
14469,0
13475,0
33323,0
24572,0
36628,0
23413,0
1623,0
40675,0
10755,0
21122,0
37060,0
6400,0
4146,0
38089,0
17698,0
2877,0
28547,0
29110,0
25393,0
9044,0
22316,0
3818,0
23839,0
12261,0
22941,0
9621,0
40242,0
37452,0
8357,0
12890,0
21808,0
27129,0
32111,0
23598,0
41836,0
27884,0
11732,0
39934,0
27324,0
3619,0
22083,0
15031,0
35818,0
20177,0
20490,0
14438,0
22062,0
17747,0
21533,0
6923,0
2325,0
36578,0
4159,0
15956,0
18043,0
31374,0
33860,0
8499,0
14314,0
18614,0
22567,0
30170,0
10968,0
41335,0
9960,0
34101,0
10311,0
16358,0
7989,0
34655,0
23826,0
10936,0
18434,0
38644,0
25412,0
13168,0
31022,0
7665,0
39113,0
19231,0
3935,0
23757,0
36058,0
304,0
1484,0
8966,0
31532,0
30271,0
34723,0
41913,0
23146,0
24592,0
480,0
39947,0
7379,0
30856,0
12037,0
4180,0
10444,0
17104,0
26839,0
6482,0
41817,0
11980,0
11126,0
3356,0
20930,0
11239,0
24517,0
33733,0
30016,0
8829,0
29653,0
19068,0
17196,0
34851,0
24393,0
4291,0
5354,0
2980,0
12250,0
37951,0
34475,0
40510,0
37770,0
20853,0
41222,0
31141,0
24006,0
15694,0
1023,0
36667,0
5907,0
12000,0
28487,0
11275,0
38468,0
39856,0
14446,0
36270,0
19237,0
26338,0
29747,0
7030,0
24598,0
15981,0
12292,0
11902,0
10354,0
7409,0
20549,0
39767,0
19452,0
30749,0
39486,0
22295,0
4156,0
29352,0
3150,0
512,0
41658,0
34653,0
12932,0
31383,0
27058,0
25531,0
1640,0
31473,0
37424,0
24876,0
26180,0
28681,0
19577,0
27955,0
8993,0
550,0
6193,0
5426,0
9845,0
27449,0
35847,0
28496,0
25149,0
39340,0
18559,0
6418,0
41951,0
36195,0
23403,0
70,0
26330,0
38422,0
1442,0
10676,0
10192,0
5875,0
41926,0
853,0
7721,0
4903,0
30186,0
33347,0
14936,0
14632,0
21422,0
34309,0
36266,0
14240,0
11296,0
29385,0
4811,0
21394,0
40512,0
41784,0
29143,0
39853,0
33372,0
34210,0
28050,0
4144,0
18902,0
30655,0
128,0
26381,0
30434,0
13367,0
14192,0
24308,0
12048,0
1175,0
9667,0
6524,0
31741,0
34559,0
2259,0
24213,0
18290,0
24152,0
32434,0
40289,0
32022,0
40890,0
11189,0
12357,0
29135,0
39800,0
9806,0
16947,0
21366,0
6014,0
12140,0
21756,0
2284,0
8034,0
34118,0
13236,0
15673,0
24266,0
13014,0
16634,0
24711,0
33193,0
41888,0
4657,0
30493,0
39312,0
39603,0
7981,0
24145,0
12917,0
17484,0
28267,0
41445,0
18415,0
6689,0
4556,0
23607,0
41196,0
37066,0
3287,0
469,0
29620,0
5411,0
10289,0
35694,0
1240,0
8538,0
23678,0
11827,0
24727,0
9480,0
23651,0
22016,0
12362,0
39344,0
21723,0
31303,0
14522,0
37540,0
35301,0
31083,0
10202,0
16132,0
11048,0
11477,0
36380,0
12983,0
11813,0
13800,0
11903,0
10405,0
25312,0
37482,0
21111,0
42108,0
38801,0
16483,0
40035,0
34481,0
32246,0
14934,0
4165,0
20268,0
17845,0
39103,0
24708,0
41395,0
6390,0
3095,0
10609,0
19685,0
3792,0
22235,0
16627,0
29962,0
18245,0
35420,0
18959,0
8343,0
22608,0
861,0
22586,0
5961,0
27435,0
37543,0
18507,0
11262,0
24719,0
30056,0
12639,0
14695,0
1483,0
2351,0
7640,0
40374,0
10200,0
36918,0
2182,0
12671,0
40177,0
38070,0
23330,0
6365,0
23260,0
22904,0
34787,0
7705,0
3161,0
27118,0
41583,0
16466,0
21407,0
11912,0
23774,0
21474,0
28972,0
31304,0
34399,0
8986,0
24428,0
9918,0
20959,0
6809,0
39719,0
21743,0
8140,0
37849,0
18237,0
15075,0
33462,0
29634,0
5195,0
2374,0
5751,0
7250,0
40685,0
28297,0
18856,0
30026,0
25375,0
24664,0
39317,0
40239,0
39698,0
40136,0
38369,0
3986,0
28131,0
33167,0
26456,0
32618,0
6322,0
37976,0
15180,0
33198,0
27270,0
13267,0
14511,0
20631,0
926,0
30234,0
2145,0
7821,0
25591,0
39950,0
17515,0
2020,0
27447,0
31919,0
8713,0
30829,0
1174,0
32446,0
29933,0
38073,0
4647,0
41172,0
27210,0
10735,0
8844,0
28697,0
34438,0
15625,0
17680,0
23491,0
11420,0
35032,0
985,0
9403,0
30808,0
10854,0
33076,0
29211,0
34972,0
16655,0
2174,0
28255,0
40716,0
38561,0
24698,0
25456,0
29444,0
18496,0
25756,0
11056,0
8239,0
41647,0
21018,0
40018,0
23193,0
499,0
35763,0
32392,0
6536,0
1453,0
8668,0
39395,0
31491,0
18786,0
9831,0
12364,0
4995,0
7969,0
25706,0
30709,0
29756,0
24493,0
6133,0
3281,0
1599,0
21489,0
34728,0
7205,0
32958,0
41448,0
30947,0
12214,0
9855,0
31793,0
31156,0
24223,0
3719,0
37546,0
39313,0
5572,0
7615,0
28874,0
35990,0
13332,0
29785,0
37344,0
3698,0
75,0
31912,0
31034,0
4336,0
35065,0
22078,0
9391,0
14160,0
17598,0
7576,0
17136,0
39762,0
22872,0
19331,0
36781,0
32492,0
23180,0
20904,0
11910,0
311,0
36117,0
27792,0
9006,0
6271,0
7375,0
3539,0
32729,0
17233,0
21412,0
7729,0
36581,0
26436,0
5872,0
38488,0
20391,0
14493,0
13374,0
38298,0
12640,0
32775,0
21715,0
8552,0
16359,0
10427,0
11256,0
5757,0
40156,0
3503,0
4741,0
6267,0
25404,0
32249,0
28359,0
2744,0
3168,0
25726,0
14812,0
30876,0
17280,0
41966,0
40440,0
32468,0
32119,0
28626,0
23264,0
3905,0
14913,0
16629,0
30128,0
38474,0
10009,0
20394,0
22137,0
6686,0
29102,0
23038,0
40863,0
16869,0
33923,0
25850,0
18619,0
4569,0
36434,0
19318,0
27749,0
3350,0
26280,0
20007,0
8528,0
9606,0
8363,0
27708,0
438,0
24793,0
41496,0
6186,0
39631,0
23948,0
2644,0
9994,0
40279,0
20419,0
38080,0
12514,0
8413,0
21669,0
26366,0
27670,0
41949,0
32358,0
32337,0
17860,0
8615,0
23695,0
8368,0
25959,0
23753,0
39662,0
7905,0
29602,0
32725,0
12051,0
13148,0
29534,0
14584,0
11462,0
12354,0
7679,0
2494,0
17249,0
29435,0
7002,0
35317,0
18084,0
1072,0
13637,0
6769,0
20679,0
30295,0
38699,0
21421,0
14174,0
3056,0
20386,0
9192,0
11770,0
41847,0
17971,0
13438,0
10557,0
36443,0
38563,0
31622,0
41493,0
39623,0
12088,0
41465,0
39484,0
41967,0
18606,0
25141,0
6222,0
2726,0
28317,0
13630,0
41350,0
27168,0
18444,0
30786,0
34184,0
24764,0
18751,0
30937,0
8628,0
18273,0
1,0
18983,0
6793,0
35334,0
33856,0
14073,0
32520,0
23676,0
28294,0
29552,0
19103,0
12623,0
1426,0
928,0
2754,0
1422,0
36128,0
42040,0
18430,0
37239,0
2814,0
33503,0
12208,0
34451,0
5687,0
30500,0
19449,0
1763,0
41780,0
35645,0
27770,0
16823,0
1656,0
6202,0
2277,0
12341,0
40219,0
10134,0
20232,0
37595,0
14427,0
30261,0
3298,0
5940,0
1034,0
42230,0
21807,0
5329,0
6514,0
30830,0
5373,0
39152,0
896,0
8845,0
40869,0
35035,0
37897,0
26800,0
25884,0
20965,0
17414,0
27368,0
36123,0
12928,0
6056,0
11500,0
33657,0
32862,0
21603,0
7616,0
39894,0
12681,0
37547,0
20139,0
5501,0
36755,0
2464,0
14401,0
6020,0
30691,0
22512,0
16495,0
10342,0
26585,0
13954,0
29665,0
28394,0
35749,0
12508,0
37139,0
8241,0
1675,0
15046,0
20896,0
33354,0
3419,0
36294,0
29447,0
23722,0
4559,0
26763,0
15265,0
9654,0
25331,0
31574,0
19204,0
2231,0
3568,0
32699,0
22358,0
41185,0
32104,0
7040,0
10454,0
26843,0
13,0
35788,0
3604,0
5598,0
27325,0
25926,0
34379,0
38708,0
1418,0
30516,0
1536,0
12599,0
16505,0
22664,0
42277,0
5545,0
24169,0
26770,0
28894,0
24745,0
7781,0
40627,0
6165,0
15130,0
19497,0
20894,0
10852,0
4504,0
23850,0
13804,0
7516,0
26504,0
13420,0
37606,0
24924,0
28266,0
22724,0
39422,0
5809,0
36663,0
38532,0
38074,0
13064,0
9285,0
14572,0
39831,0
25975,0
38620,0
25642,0
24387,0
1784,0
9929,0
1213,0
41997,0
34647,0
16884,0
8692,0
24378,0
7650,0
24639,0
26034,0
38384,0
41927,0
8976,0
25272,0
11798,0
25584,0
2095,0
39177,0
20794,0
23933,0
32456,0
5653,0
35658,0
33049,0
25638,0
14615,0
22229,0
12525,0
14611,0
9531,0
39907,0
39554,0
29262,0
19454,0
35319,0
26227,0
12486,0
23469,0
36384,0
441,0
38762,0
26828,0
49,0
29093,0
33208,0
21888,0
7680,0
9697,0
5201,0
22862,0
5715,0
23968,0
6253,0
12957,0
31619,0
25443,0
10054,0
29917,0
8510,0
9273,0
35579,0
35005,0
27655,0
25753,0
6988,0
38883,0
631,0
14942,0
6013,0
2943,0
42215,0
35345,0
17702,0
34365,0
38015,0
22239,0
16435,0
20062,0
3942,0
20937,0
10178,0
37264,0
23592,0
6112,0
40641,0
41507,0
28376,0
30057,0
31788,0
38109,0
27483,0
7294,0
8358,0
31173,0
10125,0
25429,0
41298,0
30464,0
23927,0
19651,0
40030,0
20355,0
26084,0
38573,0
28514,0
25225,0
21477,0
22824,0
15260,0
904,0
20783,0
16051,0
31628,0
27111,0
28720,0
14488,0
29951,0
14348,0
3318,0
16095,0
27917,0
8596,0
12337,0
19334,0
596,0
15576,0
16341,0
29017,0
35049,0
16207,0
21210,0
15107,0
13398,0
37542,0
1478,0
26225,0
30520,0
26468,0
18087,0
35534,0
21117,0
15382,0
471,0
35243,0
6978,0
33391,0
24062,0
18183,0
1048,0
10285,0
20586,0
35258,0
7560,0
10700,0
29154,0
14773,0
38330,0
27949,0
9539,0
27090,0
29819,0
8904,0
1270,0
25262,0
40925,0
31361,0
7786,0
6434,0
28002,0
38233,0
1339,0
20540,0
17649,0
24888,0
10381,0
28611,0
23022,0
428,0
16899,0
20414,0
6194,0
31504,0
20120,0
8517,0
96,0
22279,0
35787,0
9447,0
505,0
14792,0
27264,0
34033,0
25341,0
25311,0
34665,0
40081,0
29623,0
31276,0
14303,0
18469,0
6415,0
4785,0
1491,0
14828,0
31495,0
14653,0
29156,0
1413,0
23430,0
16883,0
35188,0
18455,0
15665,0
36216,0
32231,0
10475,0
32944,0
16886,0
9058,0
21036,0
35725,0
17782,0
11783,0
9073,0
31990,0
23230,0
38906,0
447,0
24612,0
38265,0
11070,0
31765,0
15652,0
21374,0
19770,0
32110,0
28148,0
10496,0
8761,0
23156,0
40190,0
28367,0
3494,0
2888,0
22583,0
204,0
40947,0
31352,0
21901,0
33976,0
30636,0
1562,0
32485,0
31006,0
6994,0
33410,0
14791,0
1968,0
36829,0
17781,0
31746,0
40343,0
33814,0
724,0
26859,0
26769,0
37027,0
15418,0
8350,0
22167,0
26730,0
5843,0
40502,0
13144,0
86,0
29164,0
23414,0
23044,0
15280,0
18134,0
27182,0
14881,0
12299,0
36826,0
7325,0
29931,0
38434,0
34739,0
28785,0
7817,0
27187,0
21704,0
22816,0
9767,0
33842,0
39578,0
19354,0
19419,0
26389,0
8508,0
33651,0
41911,0
12073,0
27688,0
35829,0
5128,0
21026,0
3622,0
40653,0
35642,0
33237,0
22983,0
14935,0
31490,0
35396,0
12560,0
37907,0
17122,0
20632,0
21368,0
21112,0
39621,0
29694,0
37244,0
8156,0
24688,0
38690,0
37266,0
12737,0
28536,0
32257,0
2595,0
1188,0
20989,0
8658,0
36240,0
27574,0
23034,0
3876,0
9392,0
29982,0
1303,0
21716,0
20484,0
24121,0
2650,0
32754,0
2149,0
28917,0
41303,0
6871,0
3441,0
42180,0
35868,0
38737,0
22548,0
41693,0
2133,0
14001,0
30871,0
24591,0
32849,0
39427,0
7836,0
33906,0
41638,0
29663,0
20097,0
12887,0
23868,0
10063,0
30017,0
7998,0
32901,0
25967,0
11105,0
22761,0
26764,0
263,0
15521,0
32333,0
40000,0
37071,0
1194,0
14749,0
23204,0
15292,0
3177,0
30518,0
35746,0
27224,0
12263,0
32948,0
17306,0
21339,0
42033,0
30035,0
25554,0
19248,0
36005,0
25942,0
33825,0
30156,0
33260,0
36622,0
31080,0
1741,0
5401,0
10389,0
3886,0
34128,0
41687,0
36095,0
37809,0
30571,0
33764,0
30854,0
32162,0
37009,0
24313,0
22352,0
4775,0
38121,0
4817,0
17354,0
26518,0
14720,0
6132,0
2741,0
20691,0
29219,0
21005,0
28786,0
32677,0
13602,0
34515,0
2308,0
22530,0
31133,0
11682,0
4233,0
11309,0
517,0
11788,0
21496,0
40027,0
40879,0
30411,0
14145,0
18085,0
19735,0
31384,0
6551,0
19365,0
16135,0
21805,0
19217,0
11222,0
35766,0
5625,0
33364,0
26088,0
32150,0
3615,0
35860,0
1052,0
36969,0
20397,0
35981,0
35706,0
27203,0
10984,0
15300,0
27954,0
3197,0
19509,0
3391,0
11098,0
34497,0
15718,0
23109,0
3780,0
20063,0
4149,0
21055,0
32480,0
12441,0
35575,0
28938,0
20430,0
14861,0
35159,0
9549,0
14265,0
39481,0
42168,0
37843,0
4850,0
15054,0
23242,0
20603,0
24922,0
24841,0
27653,0
509,0
11865,0
39869,0
14076,0
19136,0
36202,0
19902,0
1448,0
5864,0
27930,0
10500,0
37792,0
19757,0
6870,0
12044,0
8891,0
35290,0
24150,0
1516,0
22610,0
37095,0
22186,0
20883,0
35202,0
17717,0
19341,0
2984,0
36222,0
11715,0
377,0
16922,0
25340,0
33430,0
14647,0
22181,0
39023,0
6969,0
5595,0
35760,0
3074,0
27828,0
36998,0
5148,0
35785,0
38795,0
26097,0
5114,0
2240,0
29249,0
14731,0
40428,0
28680,0
14207,0
180,0
10959,0
39860,0
25436,0
11487,0
40924,0
25328,0
6759,0
15503,0
24347,0
42059,0
23626,0
26757,0
31719,0
6367,0
5610,0
32226,0
7725,0
10688,0
33426,0
36838,0
36079,0
13477,0
7918,0
23945,0
2043,0
36277,0
1243,0
10329,0
10217,0
38247,0
22535,0
4949,0
19032,0
41140,0
2858,0
21349,0
35742,0
25059,0
39453,0
35901,0
1346,0
1179,0
39561,0
35097,0
3102,0
34015,0
16864,0
27336,0
25061,0
29418,0
11594,0
37876,0
24234,0
26117,0
8477,0
9861,0
37839,0
20870,0
7567,0
12921,0
15974,0
42030,0
8037,0
5718,0
3227,0
38176,0
12377,0
19986,0
24055,0
2935,0
38613,0
2232,0
29096,0
24267,0
5152,0
38057,0
29460,0
23682,0
25865,0
5879,0
26989,0
316,0
37181,0
7578,0
42239,0
40400,0
40049,0
11511,0
14806,0
1332,0
8249,0
31652,0
278,0
13312,0
32734,0
39993,0
19102,0
12107,0
374,0
24246,0
2087,0
14074,0
27349,0
8410,0
34283,0
5775,0
37666,0
27600,0
38826,0
27198,0
1146,0
22557,0
30970,0
12348,0
6211,0
24100,0
40532,0
9459,0
40225,0
31586,0
14528,0
32631,0
26703,0
7809,0
8889,0
17844,0
2627,0
396,0
26059,0
13757,0
41590,0
12622,0
9132,0
8939,0
22854,0
37943,0
15699,0
32527,0
11504,0
27661,0
16426,0
10648,0
13985,0
20578,0
16674,0
36749,0
33474,0
31434,0
40166,0
16545,0
40452,0
40349,0
26668,0
26656,0
40950,0
32859,0
9254,0
12027,0
26733,0
33811,0
10853,0
6491,0
24066,0
22517,0
23904,0
16548,0
4183,0
36197,0
14222,0
566,0
26982,0
5525,0
41431,0
35734,0
11449,0
21129,0
5205,0
26139,0
38618,0
38579,0
36328,0
14553,0
9961,0
457,0
6206,0
23494,0
32005,0
1638,0
30515,0
25421,0
21025,0
13713,0
6383,0
1124,0
3388,0
5342,0
11960,0
11713,0
11757,0
30091,0
39568,0
29310,0
14454,0
36967,0
27054,0
10791,0
19132,0
20697,0
35337,0
29867,0
41484,0
38509,0
39438,0
32838,0
39810,0
4048,0
35988,0
16185,0
19513,0
42184,0
16902,0
35455,0
8500,0
39231,0
14326,0
21362,0
911,0
32935,0
22953,0
36692,0
8124,0
7524,0
2505,0
9931,0
10859,0
37489,0
38919,0
17021,0
38530,0
26319,0
12892,0
11466,0
26876,0
17191,0
24017,0
277,0
13762,0
12757,0
42141,0
23865,0
5115,0
11921,0
16750,0
38843,0
15731,0
19300,0
36157,0
8439,0
36295,0
5692,0
34041,0
35684,0
14763,0
22292,0
3829,0
8471,0
35408,0
4235,0
34042,0
32684,0
27121,0
33318,0
10646,0
10628,0
22481,0
23441,0
24227,0
10565,0
6316,0
12611,0
22047,0
6946,0
1427,0
19732,0
12169,0
12802,0
33317,0
35661,0
24613,0
28869,0
28218,0
22521,0
41333,0
21886,0
11470,0
41863,0
2622,0
1801,0
23276,0
9027,0
7427,0
23893,0
34821,0
6319,0
3243,0
20678,0
17807,0
1901,0
18468,0
516,0
3108,0
1416,0
18424,0
13964,0
19302,0
38108,0
20767,0
28426,0
26153,0
9548,0
21444,0
2848,0
17394,0
35248,0
22617,0
7422,0
18906,0
17364,0
33583,0
6215,0
5975,0
8288,0
39981,0
10333,0
9985,0
21981,0
2496,0
26000,0
21958,0
23982,0
12162,0
8578,0
22265,0
22613,0
7911,0
17828,0
35304,0
41284,0
9841,0
24499,0
31782,0
37926,0
22628,0
33051,0
33027,0
15832,0
17203,0
16621,0
36549,0
16734,0
1012,0
33019,0
29640,0
12172,0
30922,0
1109,0
20136,0
6326,0
5865,0
40560,0
14067,0
1107,0
41180,0
1133,0
9123,0
22984,0
28115,0
35293,0
12724,0
24740,0
19353,0
36442,0
19573,0
37997,0
7707,0
32325,0
6703,0
11028,0
23547,0
28143,0
36813,0
2825,0
32613,0
5189,0
4032,0
40568,0
15509,0
40784,0
34408,0
13104,0
37783,0
30288,0
24693,0
9426,0
39712,0
2856,0
40676,0
6810,0
30838,0
32067,0
41722,0
21773,0
843,0
16329,0
39329,0
17287,0
40601,0
33530,0
479,0
36329,0
34894,0
15039,0
266,0
39548,0
17292,0
1090,0
14918,0
29330,0
39732,0
8278,0
3193,0
34289,0
9562,0
31233,0
8480,0
39378,0
41895,0
7134,0
2952,0
33784,0
409,0
14552,0
29600,0
38114,0
13925,0
9728,0
11734,0
18197,0
5211,0
28663,0
17887,0
40435,0
17024,0
39798,0
21937,0
37994,0
30695,0
18505,0
35232,0
2680,0
3930,0
19639,0
10838,0
40593,0
573,0
22454,0
19766,0
1465,0
35372,0
11551,0
8739,0
3438,0
23493,0
12859,0
1846,0
2029,0
2851,0
9523,0
28866,0
38840,0
36530,0
5749,0
5657,0
23807,0
31564,0
29041,0
31922,0
38693,0
18138,0
12257,0
24449,0
21176,0
16742,0
20196,0
3645,0
36449,0
15943,0
36383,0
24898,0
23175,0
41485,0
41885,0
12990,0
40021,0
33362,0
108,0
35611,0
27473,0
7672,0
5661,0
36857,0
33029,0
11839,0
15168,0
1108,0
15211,0
16171,0
4009,0
3542,0
167,0
10035,0
38777,0
18336,0
20297,0
38937,0
12761,0
15013,0
19395,0
24801,0
38569,0
23841,0
36905,0
29010,0
21867,0
32673,0
16662,0
28423,0
609,0
16647,0
8497,0
27824,0
35235,0
16041,0
5165,0
3142,0
4800,0
14261,0
4396,0
19936,0
2156,0
39469,0
39284,0
1441,0
15902,0
31167,0
24627,0
13791,0
38307,0
7580,0
19525,0
3035,0
13814,0
22621,0
1131,0
35438,0
28473,0
1496,0
19466,0
36799,0
25903,0
35712,0
42247,0
33059,0
21080,0
11768,0
5766,0
41920,0
35627,0
19297,0
12519,0
3219,0
12885,0
14181,0
23514,0
9169,0
18841,0
37444,0
34901,0
6552,0
444,0
9301,0
26412,0
19079,0
37052,0
5946,0
25418,0
39615,0
22827,0
20985,0
15532,0
29993,0
10484,0
35878,0
33718,0
11260,0
268,0
10955,0
32750,0
1474,0
5500,0
13956,0
25972,0
36855,0
1553,0
40881,0
17047,0
41698,0
24128,0
24553,0
36803,0
1423,0
52,0
35493,0
274,0
27880,0
29784,0
11347,0
17456,0
38958,0
21785,0
36904,0
16540,0
16230,0
14124,0
31246,0
26823,0
28775,0
14154,0
31814,0
38554,0
9595,0
11153,0
30701,0
38230,0
3840,0
5030,0
16942,0
28661,0
33406,0
7706,0
11335,0
26795,0
26403,0
19223,0
15041,0
14505,0
22572,0
28154,0
10221,0
37031,0
37397,0
28256,0
19434,0
3077,0
32176,0
5225,0
41432,0
14680,0
35481,0
18911,0
10835,0
28928,0
22038,0
35703,0
41528,0
18386,0
31640,0
17052,0
6188,0
10962,0
19720,0
21466,0
25057,0
15984,0
26266,0
18871,0
2532,0
15435,0
12908,0
12955,0
24979,0
20476,0
34720,0
8337,0
1396,0
41373,0
6682,0
35583,0
23,0
24228,0
16224,0
902,0
33041,0
940,0
13282,0
9803,0
11082,0
41115,0
36931,0
18900,0
32804,0
33739,0
24060,0
28498,0
23699,0
1788,0
4508,0
37213,0
25840,0
7264,0
20305,0
37916,0
19719,0
26556,0
1512,0
17035,0
17377,0
16421,0
6465,0
22569,0
13059,0
437,0
13933,0
34124,0
19621,0
9366,0
7003,0
15922,0
7251,0
22759,0
21027,0
2306,0
36797,0
33428,0
31148,0
308,0
6824,0
13670,0
18046,0
34873,0
5954,0
39076,0
28657,0
22805,0
16201,0
15004,0
28540,0
5434,0
15298,0
39287,0
2138,0
22067,0
24295,0
16649,0
18441,0
14787,0
19349,0
33269,0
9211,0
33821,0
17588,0
42252,0
24873,0
8909,0
36906,0
3922,0
32433,0
11568,0
35906,0
14273,0
26089,0
4660,0
5991,0
25483,0
31511,0
12147,0
2273,0
38361,0
18326,0
18853,0
10097,0
7475,0
28896,0
30590,0
1704,0
28480,0
8317,0
2527,0
38190,0
7984,0
4689,0
35924,0
15170,0
31748,0
26560,0
4387,0
35922,0
22362,0
15841,0
8106,0
12307,0
16917,0
17398,0
40460,0
25819,0
7609,0
8082,0
8952,0
1113,0
14998,0
8295,0
26576,0
25759,0
25349,0
35158,0
9975,0
26662,0
37329,0
7515,0
1576,0
8639,0
18817,0
6043,0
36496,0
24966,0
31955,0
39533,0
14710,0
38248,0
34213,0
41091,0
33557,0
16019,0
9798,0
33693,0
15712,0
26102,0
25038,0
31970,0
12678,0
12701,0
29542,0
4824,0
17208,0
14840,0
26350,0
25041,0
10650,0
19635,0
27485,0
17099,0
27698,0
37203,0
9561,0
12733,0
33325,0
21485,0
2760,0
15590,0
768,0
24580,0
35084,0
40179,0
15959,0
523,0
18893,0
13424,0
34582,0
17372,0
36314,0
1165,0
41560,0
29271,0
14649,0
13902,0
7487,0
6334,0
7231,0
35728,0
36558,0
14486,0
10146,0
33800,0
1819,0
23700,0
25221,0
4845,0
36796,0
38194,0
6748,0
27004,0
27859,0
19487,0
19261,0
14054,0
6161,0
8565,0
37016,0
7112,0
34374,0
41039,0
5770,0
7600,0
34422,0
342,0
37434,0
18916,0
11474,0
11636,0
23647,0
26566,0
5286,0
31172,0
40493,0
8171,0
25526,0
39372,0
28593,0
41252,0
34468,0
13620,0
10761,0
32566,0
27762,0
33978,0
1590,0
23742,0
37948,0
25597,0
3085,0
19108,0
42208,0
20068,0
24525,0
28970,0
38076,0
18979,0
17011,0
18251,0
15108,0
38382,0
33346,0
19593,0
30714,0
29885,0
32462,0
12283,0
27102,0
27835,0
31018,0
35778,0
31811,0
13077,0
3106,0
32144,0
42170,0
2676,0
28358,0
24878,0
18025,0
36402,0
30629,0
13726,0
2237,0
41329,0
20457,0
31538,0
11963,0
8421,0
36662,0
7028,0
4672,0
10894,0
2286,0
37990,0
32277,0
28816,0
29787,0
25861,0
21680,0
4639,0
30718,0
14131,0
8153,0
16077,0
9753,0
4526,0
28607,0
31558,0
6802,0
39633,0
23961,0
35930,0
40550,0
29147,0
33918,0
36722,0
36552,0
10877,0
15319,0
20188,0
12136,0
8279,0
31542,0
4726,0
7876,0
25953,0
39547,0
29205,0
25109,0
20626,0
9207,0
20814,0
38364,0
17067,0
31866,0
35125,0
21897,0
36425,0
23463,0
15267,0
16098,0
2548,0
18299,0
28596,0
30094,0
4202,0
2239,0
16056,0
11011,0
1412,0
16664,0
29364,0
12607,0
1644,0
2185,0
12335,0
17909,0
17385,0
28848,0
7557,0
38065,0
39493,0
19663,0
1876,0
12710,0
26101,0
29354,0
33705,0
2891,0
14917,0
3366,0
25585,0
12933,0
3635,0
33581,0
4157,0
40543,0
35309,0
35018,0
22348,0
19570,0
25254,0
22777,0
8188,0
19626,0
22267,0
26530,0
27820,0
37400,0
5697,0
15297,0
33445,0
29795,0
3737,0
26463,0
20940,0
31744,0
40088,0
10708,0
4342,0
38743,0
3113,0
21439,0
31346,0
4998,0
31061,0
13019,0
28534,0
39288,0
17614,0
564,0
22103,0
9349,0
38604,0
22877,0
15557,0
40717,0
31635,0
6549,0
32685,0
18310,0
35939,0
28395,0
6442,0
2525,0
8665,0
27700,0
13464,0
11904,0
40139,0
29913,0
32155,0
40858,0
35756,0
31671,0
41751,0
16410,0
19113,0
41207,0
31453,0
35092,0
32706,0
17817,0
37340,0
6431,0
28257,0
5306,0
20496,0
5923,0
27557,0
25374,0
3068,0
28201,0
31084,0
5421,0
25332,0
27014,0
17984,0
35949,0
39538,0
38748,0
251,0
18684,0
20509,0
4819,0
35508,0
25716,0
13167,0
22309,0
12781,0
27471,0
37864,0
21997,0
38149,0
6527,0
681,0
28334,0
26507,0
24453,0
3852,0
8910,0
6204,0
1470,0
5198,0
28652,0
12507,0
11558,0
21860,0
6936,0
7161,0
3835,0
36912,0
29289,0
19227,0
34904,0
25326,0
32889,0
8054,0
13468,0
21075,0
21109,0
36568,0
9925,0
12843,0
2229,0
9103,0
39115,0
10331,0
17636,0
13177,0
27625,0
18080,0
17977,0
5654,0
34549,0
25175,0
19736,0
13681,0
29025,0
25997,0
28595,0
30197,0
5936,0
11014,0
19891,0
32198,0
27799,0
15404,0
5395,0
313,0
30574,0
25681,0
30176,0
27781,0
15550,0
18253,0
11562,0
17660,0
41750,0
12613,0
4194,0
12653,0
4497,0
8618,0
8723,0
17436,0
39582,0
38455,0
5227,0
19723,0
4400,0
3875,0
4650,0
19060,0
37883,0
3939,0
12163,0
18834,0
14927,0
14627,0
32641,0
3063,0
2115,0
28381,0
29056,0
38938,0
33758,0
20295,0
248,0
21257,0
29698,0
22130,0
32985,0
12310,0
17512,0
10410,0
12804,0
5231,0
30221,0
31109,0
20267,0
5040,0
9976,0
39173,0
25347,0
41783,0
9433,0
32472,0
40709,0
15519,0
32099,0
41900,0
4550,0
35510,0
4738,0
593,0
27161,0
32810,0
7822,0
29903,0
8613,0
16366,0
12570,0
38947,0
42114,0
3946,0
30997,0
28778,0
14473,0
19286,0
11086,0
30748,0
38391,0
19489,0
28622,0
36554,0
31758,0
26233,0
21583,0
18644,0
29627,0
18903,0
16242,0
2762,0
8326,0
8021,0
11527,0
26455,0
12708,0
8879,0
29138,0
83,0
979,0
19090,0
26836,0
32724,0
33512,0
12555,0
5172,0
41824,0
12505,0
2295,0
7685,0
7624,0
4640,0
7544,0
41808,0
19834,0
41865,0
21779,0
10388,0
31614,0
30284,0
24957,0
24224,0
5121,0
22196,0
17050,0
11878,0
5078,0
25237,0
41877,0
16089,0
36348,0
33634,0
16026,0
40040,0
33010,0
27558,0
4974,0
15711,0
34073,0
38746,0
8475,0
13610,0
36869,0
40969,0
24847,0
8570,0
4420,0
19805,0
18399,0
3003,0
6432,0
39613,0
11898,0
20387,0
41476,0
33491,0
3940,0
32768,0
7324,0
26087,0
6231,0
5321,0
17366,0
37759,0
14907,0
22732,0
33091,0
27148,0
35321,0
1684,0
32898,0
18495,0
7270,0
7743,0
10423,0
330,0
11708,0
11873,0
36533,0
21211,0
13128,0
1555,0
41461,0
20628,0
24748,0
5815,0
6633,0
10172,0
2692,0
26700,0
13650,0
25779,0
41488,0
23037,0
38249,0
20018,0
27970,0
6631,0
36638,0
3452,0
1800,0
10474,0
35707,0
18435,0
32295,0
19512,0
32644,0
9384,0
15207,0
20663,0
17777,0
14492,0
41408,0
4913,0
6496,0
10111,0
9263,0
17048,0
27276,0
31704,0
738,0
709,0
35891,0
20580,0
9354,0
24987,0
37375,0
5098,0
341,0
31650,0
39737,0
21884,0
8445,0
13972,0
15024,0
32707,0
1594,0
19104,0
18605,0
20244,0
12272,0
35565,0
25870,0
11513,0
7831,0
21469,0
4351,0
11574,0
8745,0
26688,0
25768,0
40905,0
38784,0
13511,0
17132,0
29979,0
26108,0
36709,0
40146,0
38426,0
33473,0
26858,0
31072,0
24040,0
8494,0
37279,0
33492,0
23133,0
40628,0
22643,0
21081,0
9738,0
14969,0
3507,0
1549,0
23825,0
8394,0
33452,0
16894,0
1703,0
4068,0
23206,0
2245,0
35365,0
32084,0
28089,0
5223,0
13058,0
14848,0
25786,0
33819,0
32185,0
34810,0
17416,0
22987,0
3566,0
5174,0
40414,0
29876,0
38856,0
42137,0
33532,0
16174,0
10671,0
27806,0
3697,0
21082,0
36652,0
26851,0
23848,0
41680,0
2189,0
32679,0
32669,0
22522,0
14928,0
25045,0
37510,0
22846,0
8354,0
16235,0
16036,0
10397,0
5233,0
2916,0
7193,0
20264,0
1888,0
20790,0
33681,0
17823,0
9658,0
27016,0
26009,0
8420,0
36921,0
648,0
33910,0
32850,0
7880,0
19687,0
27261,0
5034,0
7416,0
11198,0
12536,0
5746,0
16290,0
5471,0
18875,0
42243,0
29996,0
41032,0
30424,0
2207,0
27619,0
24640,0
29760,0
38716,0
26216,0
38465,0
8807,0
20544,0
35905,0
11499,0
6002,0
6262,0
28206,0
14384,0
39519,0
18863,0
6052,0
239,0
42089,0
40497,0
5260,0
7565,0
32548,0
2342,0
3284,0
15516,0
38733,0
11868,0
28634,0
2294,0
29985,0
29453,0
36594,0
18124,0
32517,0
2949,0
21299,0
17647,0
3693,0
33124,0
43,0
38793,0
15286,0
2672,0
27538,0
34161,0
40485,0
20915,0
40842,0
20667,0
312,0
39129,0
34240,0
10463,0
32190,0
33857,0
19998,0
8223,0
5325,0
31596,0
9448,0
6887,0
12389,0
30034,0
38362,0
39973,0
6062,0
5694,0
36705,0
14421,0
24008,0
2571,0
8393,0
28142,0
2117,0
9801,0
31942,0
37316,0
4968,0
831,0
1850,0
6493,0
23050,0
19849,0
116,0
39221,0
1456,0
7870,0
399,0
38387,0
6529,0
22902,0
18110,0
27637,0
40209,0
13625,0
9291,0
32589,0
27768,0
7678,0
23085,0
5219,0
7133,0
21484,0
36100,0
22251,0
13542,0
41062,0
22843,0
27280,0
6354,0
40887,0
41407,0
17915,0
25886,0
5732,0
3988,0
36109,0
2828,0
15743,0
196,0
5466,0
27656,0
18159,0
41977,0
7686,0
37550,0
2725,0
3563,0
39471,0
29507,0
30517,0
18920,0
24536,0
9564,0
22808,0
28524,0
15593,0
33334,0
39253,0
36163,0
31777,0
37295,0
23775,0
3530,0
19634,0
11149,0
38291,0
19970,0
29824,0
13577,0
23633,0
8321,0
22944,0
827,0
27078,0
2448,0
7339,0
14832,0
14938,0
32796,0
41129,0
40314,0
26644,0
14857,0
4253,0
10476,0
9183,0
18780,0
22109,0
8403,0
9701,0
22812,0
36511,0
2740,0
8869,0
29066,0
29916,0
3378,0
33956,0
40469,0
5908,0
23773,0
12064,0
33162,0
36541,0
30144,0
12350,0
36201,0
40116,0
40286,0
15220,0
21766,0
33246,0
40535,0
41064,0
26166,0
27506,0
21073,0
3309,0
41770,0
25487,0
23167,0
34875,0
31272,0
7402,0
38083,0
3245,0
27015,0
6915,0
16723,0
11404,0
6948,0
2213,0
22894,0
38358,0
959,0
618,0
16872,0
4308,0
41005,0
5504,0
22019,0
16227,0
13631,0
25083,0
27277,0
21882,0
18484,0
13693,0
31050,0
41938,0
12098,0
38929,0
35033,0
39843,0
37600,0
19807,0
11616,0
3337,0
2965,0
17000,0
4771,0
8687,0
34770,0
29972,0
28961,0
11355,0
15871,0
34366,0
8602,0
25203,0
27891,0
36854,0
23947,0
16797,0
17537,0
41155,0
18598,0
41085,0
4519,0
29858,0
13832,0
17247,0
22213,0
41418,0
9724,0
28519,0
16463,0
38491,0
34341,0
11215,0
37592,0
103,0
19679,0
8247,0
2254,0
34882,0
21167,0
28704,0
6433,0
554,0
30635,0
41683,0
12950,0
32253,0
30536,0
36460,0
37079,0
37287,0
32072,0
34009,0
41162,0
38352,0
5041,0
32302,0
34519,0
5882,0
24360,0
30801,0
36486,0
37333,0
41726,0
16169,0
14623,0
21783,0
28855,0
21084,0
31857,0
9311,0
33789,0
23189,0
13573,0
20374,0
3288,0
18045,0
36620,0
28417,0
16613,0
39848,0
19591,0
13253,0
13983,0
40412,0
22351,0
33692,0
36673,0
16614,0
26127,0
35811,0
16248,0
11660,0
20717,0
19992,0
17894,0
793,0
12290,0
26307,0
8568,0
32877,0
16773,0
28157,0
4921,0
12151,0
29656,0
702,0
37807,0
19316,0
22971,0
991,0
33510,0
13984,0
29700,0
22887,0
27383,0
13946,0
5535,0
36052,0
15751,0
21214,0
5323,0
42275,0
1889,0
25113,0
39424,0
31474,0
27550,0
37386,0
7090,0
5018,0
1584,0
28567,0
36390,0
17252,0
7901,0
5667,0
3064,0
7180,0
9769,0
28703,0
2442,0
2974,0
2495,0
14177,0
1337,0
24319,0
35118,0
35099,0
29994,0
12659,0
28007,0
7568,0
18749,0
41243,0
5742,0
9238,0
11206,0
9084,0
39251,0
15137,0
20090,0
4810,0
35632,0
32131,0
19699,0
15809,0
1717,0
10079,0
4021,0
24211,0
26590,0
25062,0
39536,0
1397,0
8735,0
10575,0
20258,0
19543,0
6136,0
16468,0
13787,0
8206,0
38183,0
24625,0
41843,0
4955,0
18647,0
21238,0
40909,0
1826,0
419,0
19263,0
22839,0
19242,0
779,0
2053,0
3704,0
21328,0
19908,0
39995,0
12229,0
6708,0
36925,0
18712,0
38930,0
20207,0
283,0
33578,0
27530,0
6735,0
23431,0
37472,0
30596,0
41176,0
41443,0
23601,0
6350,0
8238,0
32050,0
5010,0
24731,0
9313,0
19762,0
36529,0
25803,0
14945,0
40093,0
7462,0
30672,0
19765,0
19240,0
10732,0
32947,0
26334,0
9694,0
22206,0
31477,0
24567,0
40234,0
11436,0
39021,0
13034,0
28822,0
37116,0
29183,0
16067,0
25080,0
26204,0
21786,0
22341,0
25356,0
20574,0
35265,0
35570,0
23187,0
14501,0
37339,0
7029,0
6976,0
25578,0
38339,0
30394,0
17983,0
38973,0
3761,0
7094,0
22296,0
40687,0
2363,0
241,0
19265,0
39232,0
23680,0
13664,0
36357,0
9040,0
1348,0
41358,0
1534,0
28171,0
14470,0
19189,0
42110,0
7149,0
12081,0
38435,0
6025,0
42139,0
25696,0
23715,0
32488,0
38508,0
16064,0
17176,0
10657,0
4305,0
14957,0
35384,0
34616,0
4040,0
538,0
33977,0
4879,0
38092,0
36092,0
977,0
24053,0
27841,0
27995,0
10240,0
4346,0
10277,0
20348,0
11489,0
22404,0
38180,0
32549,0
10324,0
25288,0
21753,0
26238,0
39269,0
35368,0
40703,0
38665,0
27440,0
9055,0
6623,0
40727,0
23604,0
27679,0
7456,0
18114,0
23511,0
8139,0
6747,0
21978,0
10665,0
19429,0
41931,0
39028,0
38510,0
39432,0
31150,0
25882,0
6024,0
9577,0
1189,0
9038,0
31215,0
35880,0
927,0
35176,0
10175,0
24540,0
40607,0
9057,0
15670,0
39375,0
30478,0
11225,0
35377,0
33181,0
11942,0
33405,0
20869,0
16068,0
16467,0
21791,0
8202,0
27327,0
29490,0
5754,0
9538,0
6888,0
26407,0
17714,0
33775,0
35138,0
24511,0
12616,0
8726,0
39877,0
37335,0
1710,0
25916,0
12315,0
20370,0
28969,0
5215,0
29971,0
20524,0
31199,0
35069,0
34793,0
8489,0
29477,0
32166,0
25284,0
17815,0
37954,0
32961,0
3834,0
24790,0
32806,0
20427,0
4528,0
28653,0
7908,0
40113,0
4092,0
36263,0
10538,0
26150,0
32175,0
7104,0
25549,0
23391,0
10171,0
13529,0
26477,0
32151,0
17859,0
25327,0
6481,0
317,0
41054,0
2255,0
26860,0
9010,0
28304,0
17683,0
19662,0
9786,0
32255,0
24132,0
20399,0
42205,0
37359,0
30993,0
37657,0
4943,0
7563,0
11834,0
28592,0
20153,0
38433,0
2867,0
30650,0
4416,0
10477,0
42222,0
29662,0
4193,0
25115,0
10963,0
21822,0
6515,0
6146,0
27853,0
26481,0
32469,0
7321,0
11097,0
30217,0
1696,0
34733,0
27767,0
12422,0
12637,0
27334,0
10742,0
30454,0
30967,0
32165,0
11450,0
34892,0
22715,0
42010,0
13152,0
32870,0
14782,0
15556,0
27164,0
29589,0
30839,0
4900,0
4890,0
13581,0
13143,0
5640,0
31038,0
36141,0
36319,0
5292,0
40711,0
34946,0
40170,0
42244,0
2577,0
34199,0
8899,0
37953,0
1490,0
20582,0
918,0
20290,0
39452,0
7369,0
12184,0
13738,0
38611,0
31424,0
41302,0
9647,0
40365,0
39675,0
32866,0
20728,0
20737,0
39834,0
1661,0
41144,0
9506,0
24978,0
36440,0
9451,0
32019,0
15322,0
5523,0
26359,0
26814,0
34398,0
5638,0
14737,0
28322,0
33373,0
12687,0
6742,0
26933,0
23667,0
16658,0
35608,0
26638,0
14606,0
26267,0
32609,0
13452,0
41104,0
40939,0
23127,0
19827,0
5886,0
14500,0
5179,0
344,0
30900,0
27921,0
37216,0
8925,0
34533,0
30827,0
22081,0
12092,0
40261,0
7893,0
13415,0
40337,0
17446,0
15018,0
11208,0
35327,0
40595,0
21593,0
25844,0
17980,0
17476,0
18272,0
10026,0
27338,0
26597,0
30228,0
38614,0
37742,0
37040,0
14831,0
21903,0
37779,0
24219,0
29753,0
16315,0
42017,0
28925,0
10592,0
23905,0
37910,0
30370,0
13298,0
39607,0
11987,0
2647,0
37722,0
960,0
23571,0
20214,0
12573,0
30482,0
22198,0
11281,0
33889,0
21858,0
23192,0
578,0
4326,0
10237,0
11578,0
20302,0
3831,0
21948,0
7779,0
24222,0
1092,0
8402,0
3799,0
22108,0
35867,0
33859,0
5646,0
5085,0
32915,0
710,0
37123,0
24420,0
12915,0
1732,0
21166,0
40155,0
2756,0
12784,0
3789,0
40168,0
5326,0
21512,0
16580,0
39125,0
39728,0
17281,0
12181,0
10849,0
40427,0
22349,0
20124,0
11367,0
18180,0
4246,0
19471,0
31370,0
22194,0
6670,0
28819,0
14940,0
18999,0
30439,0
34760,0
5226,0
23186,0
1588,0
11849,0
39138,0
31449,0
32791,0
14989,0
25202,0
4410,0
41801,0
28352,0
37271,0
19700,0
1837,0
11677,0
26948,0
13561,0
3529,0
27256,0
22507,0
16168,0
22910,0
22509,0
12889,0
32424,0
2437,0
40098,0
9877,0
26799,0
39771,0
30205,0
4148,0
24163,0
34144,0
35741,0
25267,0
17726,0
1434,0
12581,0
36094,0
4404,0
41730,0
33607,0
34689,0
12216,0
38366,0
18314,0
38642,0
33869,0
3483,0
11976,0
14844,0
21812,0
10378,0
22215,0
22933,0
34923,0
7974,0
5304,0
28796,0
28360,0
18938,0
31180,0
23811,0
20743,0
30680,0
17179,0
36893,0
16985,0
33238,0
14673,0
18553,0
37286,0
21708,0
28468,0
9856,0
19518,0
25073,0
20265,0
38311,0
7191,0
22395,0
11196,0
9186,0
24218,0
17672,0
18515,0
33064,0
15621,0
22780,0
23198,0
10986,0
35485,0
7718,0
15375,0
24629,0
29042,0
12387,0
14006,0
3226,0
33887,0
3053,0
16542,0
5494,0
16294,0
8409,0
34185,0
42085,0
18498,0
21388,0
98,0
36090,0
31500,0
20715,0
23690,0
21293,0
15653,0
23158,0
16507,0
38130,0
33443,0
993,0
31176,0
326,0
40930,0
12235,0
4918,0
39373,0
7306,0
11879,0
19668,0
24590,0
39704,0
41859,0
17243,0
13208,0
20292,0
14600,0
22531,0
8648,0
8994,0
15125,0
34466,0
20629,0
30380,0
28738,0
17631,0
1411,0
8304,0
36064,0
20747,0
30744,0
13295,0
9281,0
3189,0
966,0
34914,0
7303,0
3396,0
13743,0
25182,0
17902,0
1114,0
23066,0
20251,0
13524,0
34465,0
36909,0
7747,0
8467,0
8677,0
3031,0
30159,0
41614,0
5080,0
29710,0
8961,0
6328,0
20135,0
27760,0
18838,0
38235,0
21413,0
23468,0
30066,0
2857,0
19284,0
27850,0
21687,0
6480,0
39506,0
28668,0
23426,0
32493,0
12383,0
30579,0
17201,0
4393,0
41491,0
7468,0
27870,0
27779,0
3938,0
22126,0
38490,0
25299,0
3252,0
38485,0
6542,0
9576,0
16851,0
25998,0
1510,0
37024,0
36260,0
41781,0
41138,0
24702,0
38279,0
9618,0
2457,0
26554,0
9464,0
9390,0
6925,0
6181,0
9842,0
6933,0
13943,0
9908,0
29175,0
39209,0
3525,0
40796,0
32407,0
10765,0
37007,0
35486,0
3732,0
25932,0
17520,0
41988,0
37795,0
13604,0
12050,0
40763,0
31810,0
42251,0
38992,0
17505,0
20589,0
13389,0
20197,0
2357,0
17381,0
26391,0
18634,0
36643,0
4339,0
15838,0
22324,0
3826,0
28405,0
13596,0
23661,0
416,0
12434,0
32822,0
2222,0
14032,0
32586,0
898,0
36713,0
31203,0
39904,0
4058,0
13852,0
22988,0
21461,0
20833,0
17656,0
16780,0
18965,0
15742,0
6315,0
8969,0
4045,0
12918,0
27618,0
6039,0
9086,0
5548,0
40393,0
1489,0
35269,0
39566,0
18924,0
10287,0
30768,0
42001,0
38524,0
28691,0
11224,0
23094,0
20832,0
6740,0
18338,0
25011,0
26815,0
35253,0
28402,0
15189,0
15637,0
34764,0
20401,0
34203,0
6698,0
1812,0
31140,0
13841,0
23882,0
17023,0
12141,0
25319,0
41569,0
22121,0
11034,0
26792,0
1723,0
27816,0
7638,0
17202,0
13124,0
24293,0
23115,0
27627,0
37134,0
6972,0
14381,0
33500,0
41214,0
37999,0
19357,0
13370,0
30395,0
14545,0
39660,0
3623,0
31865,0
2350,0
7262,0
27720,0
20722,0
35513,0
17975,0
3482,0
12395,0
14664,0
34561,0
21373,0
15914,0
40812,0
10050,0
6555,0
31755,0
32354,0
5455,0
22823,0
35963,0
15143,0
3633,0
16794,0
34043,0
41671,0
29464,0
38816,0
11751,0
41860,0
19839,0
11911,0
20123,0
34165,0
2109,0
32680,0
3401,0
40856,0
17497,0
17812,0
11797,0
16085,0
18003,0
16071,0
3806,0
14589,0
22506,0
37172,0
4229,0
38628,0
12989,0
15341,0
11661,0
39560,0
18057,0
24872,0
4562,0
2683,0
28336,0
33023,0
24202,0
8777,0
16836,0
22709,0
24479,0
69,0
39592,0
9555,0
12220,0
14712,0
31506,0
28518,0
11988,0
41464,0
33482,0
6662,0
23223,0
32950,0
16305,0
39702,0
30591,0
17873,0
5511,0
1498,0
5536,0
7499,0
14036,0
30397,0
242,0
3455,0
28686,0
28459,0
30633,0
32187,0
30,0
37473,0
22474,0
21992,0
23440,0
23263,0
38527,0
32401,0
18592,0
3263,0
39765,0
27255,0
10583,0
17403,0
6911,0
13041,0
41982,0
26071,0
9270,0
25056,0
13836,0
28765,0
40086,0
16921,0
873,0
12768,0
33749,0
22146,0
3578,0
30593,0
35061,0
6550,0
8786,0
33466,0
39695,0
22587,0
23505,0
4756,0
38145,0
26856,0
34788,0
36658,0
26440,0
18533,0
15176,0
24138,0
15469,0
27993,0
3950,0
33781,0
15219,0
3790,0
13641,0
40828,0
40603,0
6874,0
34383,0
14180,0
2275,0
24782,0
1882,0
18349,0
8763,0
23366,0
27929,0
6036,0
7212,0
26595,0
3286,0
39793,0
25830,0
17447,0
35101,0
40929,0
37810,0
31701,0
40210,0
17901,0
39949,0
18233,0
20708,0
17663,0
24057,0
40747,0
10012,0
26121,0
7950,0
35928,0
8541,0
1707,0
7201,0
1771,0
16188,0
31355,0
6246,0
36007,0
31342,0
12745,0
11405,0
6660,0
6902,0
28019,0
34991,0
2383,0
29071,0
6646,0
33020,0
20179,0
14830,0
38135,0
35914,0
36937,0
8047,0
2266,0
24332,0
7940,0
7323,0
20882,0
14353,0
3776,0
6048,0
19872,0
1350,0
24046,0
34428,0
18972,0
31063,0
2874,0
41354,0
34013,0
2305,0
3474,0
2312,0
23033,0
10824,0
10734,0
41053,0
9134,0
29463,0
16050,0
11680,0
10552,0
25197,0
31904,0
649,0
35827,0
7759,0
33385,0
22312,0
13648,0
8725,0
27562,0
3589,0
13687,0
33416,0
23974,0
38096,0
14286,0
28033,0
25633,0
17405,0
24655,0
8931,0
16728,0
37675,0
14657,0
31789,0
186,0
42088,0
33807,0
12024,0
20155,0
15243,0
14894,0
22400,0
22704,0
32509,0
34053,0
33679,0
764,0
11598,0
3847,0
20562,0
15277,0
19860,0
27444,0
6885,0
5873,0
21763,0
39977,0
18718,0
15205,0
11841,0
16144,0
8020,0
40175,0
25843,0
30307,0
14631,0
647,0
38825,0
30514,0
733,0
26374,0
25748,0
39161,0
11979,0
27922,0
18851,0
22747,0
15188,0
21218,0
40690,0
7538,0
31392,0
33031,0
36053,0
19925,0
4082,0
28510,0
165,0
12487,0
2705,0
40381,0
35968,0
19499,0
18490,0
30986,0
24965,0
39360,0
39041,0
33095,0
40945,0
20856,0
39234,0
26484,0
16825,0
22294,0
35137,0
9619,0
32817,0
15022,0
28096,0
14736,0
24305,0
3893,0
24348,0
9722,0
14441,0
3594,0
36587,0
22306,0
4730,0
9793,0
9681,0
30533,0
21385,0
30631,0
9288,0
5836,0
32780,0
4445,0
24923,0
22114,0
31702,0
29448,0
12157,0
36637,0
3184,0
13969,0
5218,0
19550,0
7778,0
13488,0
31751,0
35964,0
10530,0
29599,0
403,0
3803,0
37193,0
17722,0
24638,0
41558,0
6813,0
27864,0
37498,0
1347,0
28800,0
24302,0
30896,0
9172,0
31935,0
40776,0
4207,0
7986,0
22632,0
23955,0
21429,0
31232,0
14757,0
26234,0
36192,0
38221,0
29146,0
24774,0
40878,0
20523,0
16372,0
28236,0
8435,0
19828,0
22639,0
9880,0
20941,0
1632,0
33624,0
22059,0
33216,0
19443,0
9320,0
11461,0
13095,0
42160,0
27671,0
25244,0
35492,0
8248,0
26693,0
40825,0
17742,0
15283,0
28977,0
31986,0
13471,0
7301,0
8897,0
2602,0
27003,0
34368,0
3753,0
24490,0
34853,0
24470,0
16367,0
3067,0
22752,0
41960,0
33717,0
40073,0
37556,0
40300,0
16497,0
15965,0
36028,0
24928,0
6346,0
26581,0
28014,0
32755,0
14508,0
30621,0
9527,0
26563,0
8957,0
13623,0
22430,0
1183,0
20351,0
8406,0
6468,0
34652,0
41116,0
14682,0
628,0
32727,0
37718,0
34611,0
27488,0
2007,0
12138,0
9378,0
11699,0
21666,0
18331,0
13272,0
4471,0
38601,0
12966,0
376,0
23658,0
25485,0
26584,0
11690,0
34453,0
42107,0
15452,0
9100,0
12532,0
7327,0
27893,0
6892,0
24780,0
23452,0
20071,0
39364,0
16501,0
18949,0
37169,0
31733,0
25165,0
1298,0
38388,0
14189,0
33702,0
31708,0
22118,0
26320,0
26807,0
24068,0
38877,0
2126,0
18188,0
38335,0
13469,0
37059,0
19016,0
9339,0
33609,0
13047,0
38865,0
16573,0
41004,0
15884,0
28009,0
7503,0
21844,0
15507,0
9826,0
21338,0
5869,0
18649,0
8178,0
31470,0
37644,0
19764,0
40992,0
31325,0
15978,0
22749,0
8842,0
34952,0
35214,0
9731,0
10803,0
4602,0
38900,0
3955,0
4737,0
31224,0
14765,0
418,0
12240,0
15109,0
21561,0
30059,0
15783,0
34274,0
1260,0
16162,0
19401,0
26953,0
2564,0
13837,0
7309,0
26466,0
3021,0
20205,0
11270,0
33333,0
10398,0
1383,0
29729,0
9889,0
18537,0
36172,0
38334,0
23750,0
4269,0
4303,0
37511,0
2518,0
31281,0
33645,0
20016,0
5762,0
23734,0
40181,0
13728,0
33640,0
8426,0
31661,0
8042,0
16166,0
18421,0
25285,0
28964,0
7183,0
38550,0
22479,0
42093,0
13549,0
26891,0
1991,0
6600,0
38188,0
36656,0
40491,0
18860,0
942,0
4212,0
40554,0
18153,0
19760,0
30770,0
32070,0
31536,0
13847,0
24117,0
39013,0
34443,0
35475,0
40920,0
20235,0
40682,0
16541,0
15000,0
29901,0
23077,0
35578,0
36648,0
24910,0
3842,0
29162,0
4372,0
14115,0
27520,0
25346,0
21719,0
34916,0
13098,0
20798,0
22657,0
18788,0
30450,0
26593,0
32794,0
33223,0
36629,0
626,0
10593,0
19786,0
27821,0
27416,0
34750,0
19771,0
33106,0
27067,0
36536,0
40029,0
17135,0
42266,0
10210,0
3100,0
39327,0
15785,0
1959,0
40900,0
38101,0
38971,0
33018,0
11671,0
12179,0
24033,0
24232,0
26818,0
38546,0
6699,0
21393,0
24144,0
29073,0
9928,0
20273,0
34811,0
13826,0
31093,0
32009,0
27639,0
38175,0
952,0
3002,0
38612,0
17395,0
12736,0
31571,0
11627,0
5386,0
23222,0
34995,0
26060,0
12759,0
8339,0
33908,0
19027,0
40596,0
10544,0
38680,0
17353,0
35021,0
8718,0
12457,0
12426,0
31882,0
2166,0
34,0
4523,0
5388,0
4592,0
35453,0
3758,0
17439,0
41536,0
18720,0
23920,0
1863,0
31694,0
6235,0
20649,0
4169,0
41728,0
29427,0
17431,0
33071,0
12839,0
24181,0
12484,0
42036,0
37815,0
2592,0
34193,0
40025,0
3833,0
39044,0
18927,0
10320,0
8871,0
28559,0
17487,0
31844,0
39684,0
35302,0
32374,0
29591,0
3735,0
39207,0
36316,0
20410,0
28181,0
7109,0
20134,0
378,0
10746,0
22528,0
11645,0
31902,0
4844,0
10562,0
1793,0
8450,0
2165,0
37874,0
35586,0
6663,0
29827,0
16325,0
14279,0
11799,0
17356,0
9126,0
1761,0
6426,0
33035,0
6620,0
40822,0
20336,0
4060,0
9296,0
29117,0
38603,0
6904,0
13451,0
16808,0
13958,0
7701,0
41806,0
38093,0
26364,0
18577,0
26169,0
40322,0
29045,0
41143,0
12440,0
11591,0
38355,0
6726,0
23256,0
40268,0
21465,0
17407,0
7569,0
3043,0
29280,0
15315,0
17355,0
12200,0
3296,0
32478,0
4405,0
780,0
11742,0
8135,0
2987,0
10323,0
33399,0
14217,0
36565,0
3186,0
1856,0
32852,0
33442,0
2588,0
35723,0
25403,0
23282,0
11118,0
29172,0
7571,0
10365,0
28644,0
18123,0
14922,0
15350,0
34442,0
40307,0
33306,0
10045,0
32278,0
25624,0
39646,0
1061,0
9987,0
5384,0
11264,0
37468,0
30675,0
15869,0
24777,0
697,0
23372,0
25114,0
41159,0
1288,0
39781,0
21024,0
42227,0
41643,0
3128,0
2896,0
11812,0
33874,0
4341,0
29485,0
14302,0
10915,0
17593,0
40138,0
8022,0
1086,0
8293,0
34827,0
37210,0
20840,0
4292,0
9351,0
11259,0
21186,0
35498,0
30501,0
18527,0
9116,0
17657,0
25769,0
39736,0
7760,0
38950,0
14766,0
11119,0
10992,0
20341,0
40044,0
6492,0
7469,0
12618,0
12168,0
38555,0
18988,0
20117,0
25577,0
28978,0
37649,0
31941,0
19767,0
39002,0
26126,0
2894,0
9948,0
35832,0
10994,0
24184,0
13153,0
27658,0
6528,0
29461,0
32503,0
11592,0
22230,0
1204,0
6379,0
19274,0
11257,0
4322,0
3820,0
3614,0
20185,0
28126,0
11015,0
36725,0
35663,0
19649,0
9792,0
12005,0
24710,0
23314,0
22881,0
39590,0
40823,0
8170,0
35206,0
3660,0
6225,0
30083,0
5916,0
30647,0
14487,0
5490,0
26076,0
28674,0
10132,0
6198,0
8569,0
39018,0
21543,0
26540,0
31812,0
19592,0
35598,0
35416,0
37684,0
32818,0
5026,0
1248,0
24341,0
18541,0
37977,0
8049,0
31607,0
15124,0
17164,0
7948,0
5371,0
7775,0
6388,0
33254,0
39783,0
22089,0
26065,0
10439,0
7602,0
11899,0
28959,0
19148,0
33738,0
16528,0
24425,0
26929,0
32454,0
15459,0
36399,0
25477,0
24193,0
16826,0
23254,0
3155,0
21488,0
12483,0
25252,0
35466,0
28892,0
11997,0
41790,0
35609,0
41118,0
1500,0
17298,0
29333,0
24137,0
5780,0
1758,0
30639,0
18670,0
9162,0
22171,0
32687,0
5821,0
21396,0
3481,0
15331,0
3703,0
27748,0
14490,0
1575,0
31979,0
13214,0
26501,0
27170,0
30381,0
42162,0
5341,0
22655,0
41777,0
41320,0
16918,0
38415,0
18861,0
18552,0
26288,0
9206,0
10268,0
3585,0
33411,0
9036,0
11313,0
34577,0
41820,0
38126,0
31573,0
2960,0
17931,0
7577,0
31119,0
39521,0
3914,0
16752,0
1181,0
