Temperature,Vibration,Power_Usage,Humidity,Machine_Type,Failure_Risk
74.96714153,56.99677718,8.64964345,20.46096221,Mill,1
68.61735699,54.62316841,9.710962659,25.69807495,Lathe,0
76.47688538,50.29815185,8.415160158,27.93197233,Drill,1
85.23029856,46.76531611,9.384076941,39.43843829,Lathe,1
67.65846625,53.49111657,6.212770666,32.78276562,Drill,1
67.65863043,51.96742693,10.42658741,23.32259215,Drill,0
85.79212816,54.4759661,10.00241095,32.43018145,Lathe,0
77.67434729,53.17585901,8.365822738,22.26348006,Mill,1
65.30525614,55.24776358,11.31849134,35.41345527,Drill,0
75.42560044,47.32382394,11.87514028,27.64437674,Mill,1
65.36582307,56.58697033,6.784880271,29.53181906,Lathe,1
65.34270246,50.98799802,8.474550443,36.62898324,Drill,0
72.41962272,60.37630436,8.4617153,23.56418216,Lathe,0
50.86719755,46.55406091,8.120193798,23.01440907,Mill,1
52.75082167,58.67981902,11.65894968,27.08200337,Lathe,0
64.37712471,50.98955392,9.612347722,35.19189426,Lathe,0
59.8716888,46.74290998,9.470970317,22.40326962,Drill,0
73.14247333,47.58057083,5.992275271,15.83922201,Lathe,0
60.91975924,48.39826346,11.27083606,27.74420571,Lathe,1
55.87696299,52.12082973,7.52148321,32.758704,Lathe,0
84.65648769,52.61417744,10.11986526,36.00130875,Drill,0
67.742237,47.13149998,10.55475388,27.68419319,Mill,1
70.67528205,49.87822704,12.72131719,27.94286696,Mill,1
55.75251814,60.71135179,7.382359202,35.76950367,Lathe,0
64.55617275,58.63771585,3.960975688,20.6512915,Drill,0
71.1092259,52.18161835,10.36769909,28.05739612,Lathe,0
58.49006423,50.19001739,13.60102236,30.95211945,Mill,0
73.75698018,50.60015663,12.47789271,32.24609361,Drill,1
63.9936131,53.06758986,10.41931883,27.45096653,Mill,0
67.0830625,44.88603717,9.016727629,30.17220506,Mill,1
63.98293388,48.71311731,11.61424519,17.55836323,Drill,0
88.52278185,41.65707963,8.052907601,26.70875794,Drill,0
69.86502775,51.99611561,10.95271554,32.26754356,Lathe,1
59.42289071,53.2359797,11.01094032,25.08852983,Lathe,0
78.22544912,47.58406769,12.12041981,30.29492111,Mill,1
57.7915635,57.86993382,15.51932008,32.2343625,Drill,1
72.08863595,43.87117168,10.78483193,28.287254,Drill,0
50.40329876,42.6781256,8.982072749,30.85231885,Lathe,0
56.71813951,51.12225909,9.948851376,25.18633717,Mill,1
71.96861236,55.23549151,6.46184819,28.9669436,Mill,1
77.3846658,58.41963846,8.610573738,33.05108085,Lathe,1
71.71368281,47.70557869,9.181435124,30.7848648,Drill,0
68.84351718,55.39340417,8.951823204,27.06734365,Lathe,0
66.98896304,49.80745765,10.30470974,31.12108202,Lathe,0
55.2147801,49.1368635,8.355160135,33.57304895,Lathe,1
62.80155792,54.41829969,12.24206133,19.75029361,Lathe,1
65.39361229,53.26161439,10.00041413,35.79537032,Drill,0
80.57122226,42.11803922,9.981399358,28.31872631,Lathe,0
73.4361829,57.38270175,9.344210567,32.12744967,Drill,1
52.36959845,56.90045677,10.31038137,35.98623462,Lathe,0
73.24083969,46.87218649,11.65019653,23.14163151,Mill,0
66.1491772,51.97901767,8.265739569,26.45279499,Drill,0
63.23078,52.47015093,8.683767022,28.55725652,Mill,0
76.11676289,51.30336883,9.392547942,26.08123239,Lathe,1
80.30999522,47.24847423,7.308258153,38.67468288,Lathe,0
79.31280119,46.64188316,8.361484281,25.71613953,Lathe,1
61.60782477,49.87222965,9.047558253,27.2222661,Drill,0
66.90787624,55.8636451,11.74877836,31.02194516,Mill,0
73.31263431,52.71800077,10.52512266,23.98925237,Drill,0
79.75545127,48.14692834,10.38717982,28.02159644,Drill,0
65.20825762,53.85849355,11.70179592,31.58726631,Lathe,1
68.14341023,35.7572869,9.725256423,28.33569798,Mill,0
58.93665026,55.7438285,10.7809297,29.53306571,Lathe,0
58.03793376,41.30143111,9.793556494,27.35333944,Drill,0
78.12525822,48.18779529,10.5307247,22.42764845,Lathe,1
83.56240029,44.40165053,8.834482685,31.60796606,Mill,0
69.27989878,43.52659262,5.122365683,38.77466536,Lathe,0
80.03532898,55.80413394,9.731441676,30.09200815,Mill,1
73.61636025,47.66149399,12.84549627,31.12632059,Mill,0
63.54880245,51.73251941,11.8524308,33.46361378,Lathe,0
73.61395606,49.76539711,11.93079497,23.65334752,Drill,0
85.38036566,52.38520414,12.47226144,38.51257329,Lathe,0
69.64173961,50.38410946,10.17731518,31.01164398,Drill,0
85.64643656,43.58503888,10.39463141,38.1592845,Drill,0
43.80254896,54.9813341,8.764696209,26.33483502,Lathe,0
78.21902504,47.53121708,9.367854288,39.09030961,Drill,0
70.87047068,42.21709051,11.2315423,33.87577747,Drill,1
67.0099265,47.8594242,12.40776887,32.76520043,Lathe,0
70.91760777,57.50379895,9.721107449,31.17012227,Lathe,0
50.12431085,54.25110871,9.09962147,28.75735691,Lathe,1
67.80328112,48.25673933,10.00105592,36.00265829,Drill,1
73.57112572,48.25371148,11.2024135,30.70179935,Mill,0
84.77894045,48.39182474,7.112290368,20.16465148,Drill,0
64.81729782,60.38373992,5.407638094,24.41406769,Mill,0
61.91506397,51.90967726,8.898926301,29.07077124,Lathe,0
64.98242956,52.15020824,7.558575148,31.54999492,Mill,0
79.15402118,55.15141727,8.983719605,29.71705756,Lathe,0
73.2875111,51.1939458,9.704439362,36.09485395,Lathe,1
64.70239796,48.70478927,9.093503182,20.24449068,Mill,1
75.13267433,49.01825075,12.90493507,30.71793968,Lathe,0
70.97077549,49.6419937,10.65348953,20.91010387,Mill,0
79.68644991,49.81388882,10.60094872,33.79856148,Lathe,0
62.97946906,53.63814772,11.24441429,29.52770643,Drill,0
66.72337853,50.25972943,7.722333764,32.09804986,Drill,1
66.07891847,53.66320039,12.07822357,25.6805852,Lathe,0
55.36485052,49.5964171,9.848471427,36.39732466,Lathe,1
72.96120277,50.39317595,11.34096123,35.20862332,Mill,1
72.61055272,40.00899658,7.856285534,32.91772152,Drill,0
70.05113457,54.58163837,6.892482468,29.35241377,Mill,0
67.65412867,51.73244238,11.63577932,32.89928643,Lathe,0
55.84629258,54.99005055,10.75281905,26.46553716,Lathe,0
65.79354677,35.51872311,8.195896891,34.2777783,Mill,0
66.57285483,60.44187352,8.260673837,38.24740447,Lathe,0
61.97722731,49.30205186,12.25086957,35.3530528,Drill,0
68.38714288,55.54091408,7.621176214,26.35198765,Mill,1
74.04050857,44.80047036,13.28534591,31.80708659,Drill,0
88.86185901,53.06386953,8.198758531,23.53429228,Drill,0
71.74577813,44.73292218,11.27678385,32.86195156,Drill,1
72.57550391,46.8811552,9.342763049,32.25301706,Mill,0
69.25554084,59.57015677,11.20637486,20.6509183,Lathe,1
50.81228785,49.046588,8.911771996,24.19108078,Drill,1
69.73486125,51.08716437,9.674414188,28.58430552,Drill,0
70.6023021,54.35033865,10.08183835,28.49570126,Drill,1
94.63242112,52.47840944,7.995625088,23.95261532,Lathe,0
68.07639035,50.75209453,11.48164869,31.94489365,Lathe,0
73.01547342,51.82480501,8.973572867,31.25736804,Mill,0
69.6528823,62.01707793,9.542800169,29.02865434,Lathe,0
58.31321962,49.71190601,8.011301251,26.2210425,Mill,0
81.42822815,51.00549523,4.875332682,35.24353563,Mill,1
77.51933033,55.25327198,9.617944475,38.27703557,Mill,1
77.91031947,55.52762966,14.82523084,27.58219258,Mill,0
60.90612545,55.93515153,11.56920858,26.93916541,Mill,0
84.02794311,53.19365111,9.961479241,32.45603833,Drill,0
55.98148937,44.28497544,9.474218342,28.2098531,Lathe,1
75.86857094,58.16715766,10.04493179,29.303014,Drill,1
91.90455626,44.26827303,11.09423823,33.69826576,Mill,0
60.09463675,51.51317733,7.638374369,20.45321956,Lathe,0
64.3370227,46.22862075,12.22864339,36.59151162,Drill,1
70.99651365,49.67930827,11.43076263,30.36340262,Drill,0
64.96524346,51.64381205,11.43637145,27.94253428,Mill,0
54.49336569,51.60678608,10.87695148,29.55382923,Drill,0
70.68562975,52.10960377,10.03923332,29.81214678,Drill,0
59.37696286,58.06855635,11.34572247,21.34399348,Drill,0
74.73592431,52.26767151,11.18362827,37.47469114,Drill,0
60.80575766,48.77921682,9.291918578,30.20662816,Drill,0
85.49934405,54.82043584,8.852796454,32.21501065,Mill,0
62.16746708,55.94735244,10.20371259,34.75774885,Mill,0
66.77938484,43.86196092,13.0980403,24.89418771,Drill,1
78.13517217,52.98700035,7.521785849,32.3673595,Mill,0
57.69135684,53.50586371,7.064949468,28.66179455,Mill,0
72.27459935,48.51218248,10.32952168,34.23385388,Lathe,0
83.07142754,56.87853407,10.1017754,19.3638629,Drill,0
53.92516765,49.24972206,10.34668333,29.5045285,Mill,0
71.84633859,50.62788227,10.4879064,26.98589672,Mill,0
72.59882794,49.13464088,9.553595491,32.16131475,Drill,1
77.81822872,50.07789524,12.97972688,32.35022094,Lathe,0
57.63049289,44.51862457,6.798192043,26.46187053,Drill,1
56.79543387,42.79974559,8.34300595,26.43913068,Lathe,1
75.21941566,57.97252532,9.79349048,29.44667316,Drill,0
72.96984673,45.76519326,6.713622378,25.51678886,Drill,0
72.5049285,45.04303825,9.648291191,34.20991848,Drill,0
73.46448209,39.23304943,13.32294033,28.153964,Drill,1
63.19975278,46.80519126,10.04177298,15.4650589,Lathe,0
72.32253697,43.38455103,10.46140181,28.12588972,Lathe,1
72.93072473,58.2100758,7.47967047,24.8072809,Mill,1
62.85648582,55.04908545,8.767277184,21.84362092,Drill,0
88.65774511,46.55924827,9.249607239,23.81286681,Lathe,0
74.73832921,61.26217903,9.364569806,30.54704236,Lathe,0
58.08696503,54.90882743,12.56328759,36.64320414,Lathe,1
76.56553609,48.37584308,11.11538212,31.56592237,Drill,1
60.2531833,37.50297143,7.777084086,26.96748306,Mill,0
77.87084604,61.45471286,10.49300956,32.27952098,Lathe,0
81.58595579,43.05213767,10.9964435,27.70454845,Drill,0
61.79317682,41.77300627,12.28029808,26.52699815,Lathe,1
79.63376129,55.11285216,13.16108137,24.22818666,Lathe,0
74.12780927,62.19876203,7.969811616,21.24085597,Mill,0
78.2206016,56.92136409,8.378284978,28.05038147,Lathe,0
88.96792983,52.8195456,7.484844282,30.79026745,Lathe,0
67.54611884,52.97377171,9.531960282,29.51688165,Drill,0
62.46263836,54.26707779,10.93271675,27.92016536,Drill,1
61.1048557,53.79464295,11.97466903,25.2712697,Mill,0
61.84189715,51.40595712,9.848097953,33.04123096,Drill,0
69.22898291,50.52100552,9.360304953,23.4143404,Drill,0
73.41151975,49.68703436,10.30351598,33.88013957,Mill,0
72.76690799,46.23017706,8.329714197,24.98891491,Lathe,0
78.27183249,48.59662462,14.17907744,26.23782381,Mill,0
70.13001892,41.53521593,6.784677946,22.66607405,Drill,1
84.53534077,49.50830187,10.36948116,27.49298927,Mill,1
67.35343167,45.05704446,14.04721244,34.87656229,Lathe,1
97.20169167,44.48205341,10.01359969,32.57814044,Mill,1
76.25667348,50.89947076,9.61992193,34.89211056,Drill,0
61.42842444,56.96001143,9.285109154,32.61071273,Drill,0
59.29107502,54.59158303,9.639216636,24.48165086,Mill,1
74.82472415,42.14749698,12.74569695,28.34605388,Lathe,1
67.76537215,45.05185932,5.576276177,26.09900435,Mill,1
77.14000494,54.70385594,13.0668674,36.65287452,Lathe,0
74.73237625,45.08756303,7.152085695,24.01605677,Lathe,0
69.27171087,48.87683425,9.466695342,34.46848845,Mill,0
61.53206282,52.7502605,9.141511159,34.46476935,Lathe,1
54.85152775,45.15827773,11.17710654,39.14810101,Drill,0
65.53485048,50.52687753,6.803751296,27.95156704,Mill,0
78.56398794,43.32987253,10.92434533,33.5616108,Lathe,0
72.14093744,46.99316178,14.04861925,41.40825918,Drill,1
57.54261221,51.59890967,7.273651991,26.91179162,Mill,0
71.73180926,42.03503133,10.37941234,22.32479876,Drill,0
73.8531738,52.20237369,8.676035644,20.59994983,Drill,1
61.16142564,49.90181101,10.85177441,33.56356014,Drill,1
71.53725106,52.76244977,10.03829555,20.58424896,Lathe,0
70.58208718,51.11957067,8.717026182,28.13840474,Mill,0
58.57029702,56.82070215,10.97574457,32.18656594,Mill,0
73.5778736,50.62612251,13.60869622,30.92587768,Lathe,1
75.60784526,47.85297229,9.618192417,32.12722432,Mill,0
80.83051243,50.61148752,11.43951588,31.11144928,Drill,0
80.53802052,52.71649015,7.413454084,36.39432907,Mill,0
56.22330632,50.24430035,8.087127246,25.2384181,Lathe,0
60.6217496,50.20295846,10.94481256,26.61502431,Drill,0
75.15035267,46.49004156,12.96823206,26.13670277,Lathe,1
75.13785951,46.68549541,10.7112267,34.15095906,Drill,0
75.15047686,42.98697364,9.373883939,34.50199294,Drill,1
108.5273149,58.74788372,9.998582811,32.2561266,Mill,0
75.70890511,43.78068382,7.499184532,35.91746833,Drill,0
81.3556564,46.53547401,11.20903065,24.10979566,Lathe,0
79.54001763,46.40796367,11.76466612,38.33612056,Mill,1
76.51391251,54.47462188,9.095819334,37.61619311,Lathe,0
66.84730755,48.52525161,9.059915704,33.67810999,Drill,0
77.5896922,56.23871036,10.53175646,38.90899454,Lathe,0
62.27174785,46.63254688,9.126560528,21.71688396,Lathe,1
67.63181393,51.39497081,9.867734771,27.37775932,Drill,0
65.14636452,45.82326473,14.19944358,26.3234827,Mill,1
70.81874139,60.72574564,9.505948599,33.60739662,Lathe,0
93.14658567,44.0620079,9.283319696,24.7492963,Drill,1
51.32734807,51.54910355,8.704916389,33.78747575,Mill,0
76.8626019,53.1688844,11.48838394,36.85268072,Mill,1
53.87284129,52.06899549,9.637551654,33.4760145,Mill,0
65.28068134,49.07356171,8.701253923,31.41875512,Lathe,1
80.88950597,49.3508965,12.64260806,25.0606333,Lathe,0
70.64280019,50.21905736,12.83920601,25.76574517,Lathe,0
59.22255222,49.26498999,8.799152869,36.24809453,Mill,0
62.84696291,54.81939558,6.266920097,33.89674502,Lathe,0
76.79597749,61.05261501,12.01502738,29.8049024,Drill,1
62.69633368,47.21254107,8.630740348,27.91045227,Lathe,0
72.1645859,43.1509851,11.5812512,19.87096063,Lathe,0
70.4557184,49.55858976,6.059792365,24.64573791,Mill,0
63.48399652,62.89854669,11.78519468,39.55709544,Lathe,0
91.43944089,45.98162716,7.577656141,23.59772214,Drill,0
76.33919022,58.19558403,11.46152824,30.94739911,Mill,0
49.74857413,58.38850407,10.02854614,35.03721987,Drill,0
71.86454315,47.23205879,8.092121161,23.72538666,Mill,0
63.38213535,52.8449154,9.185927374,30.92355237,Mill,1
78.52433335,58.14198312,11.37263691,34.68957769,Lathe,1
62.07479262,48.1043613,10.21178891,30.06249661,Drill,0
68.85263559,48.9820982,11.16882596,44.34201528,Mill,0
75.04987279,47.09159543,13.95288117,21.65700371,Lathe,0
78.65755194,44.92621635,6.871516777,35.29364265,Mill,0
57.99703593,46.75361227,13.23442515,29.13599131,Mill,1
66.65498764,43.88029867,10.20871188,33.85960077,Mill,0
65.25054689,50.17041734,8.202431903,32.20653576,Mill,1
63.46670767,46.15013384,7.339372749,26.33421901,Mill,0
87.6545424,51.16892956,9.621759218,31.14498196,Mill,1
74.04981711,42.22052177,11.84330022,20.71049274,Lathe,1
57.39116046,51.65440116,9.744901759,33.0162375,Mill,0
79.17861947,54.16764481,13.02230986,31.49079233,Drill,1
91.22156197,40.03132179,7.09764862,33.19330084,Lathe,0
80.32465261,51.87028285,9.975822104,35.29059163,Drill,1
54.80630034,56.13834496,7.495213111,31.8380992,Mill,0
65.15765927,43.95179491,10.72726377,30.7404471,Drill,0
82.66911149,58.36286193,11.77377478,25.59465832,Mill,0
62.92330534,52.09509505,9.158476413,26.43889618,Mill,0
74.43819428,46.47494072,4.791572287,35.9336731,Lathe,0
77.74634053,49.72115461,10.39789629,37.18167703,Lathe,0
60.73069528,52.79163456,10.8734771,28.80944782,Mill,0
69.40474644,50.38002696,10.80858951,30.23001374,Lathe,0
37.5873266,52.69377996,12.47156438,25.47692813,Drill,1
59.75612359,45.39663203,7.857892641,35.86378423,Lathe,0
67.47431849,50.84680412,11.36043221,33.32708412,Lathe,1
57.52216818,42.93142752,12.38501502,39.70608718,Drill,1
86.32411304,49.44386969,6.442824832,25.60838461,Lathe,0
55.69858622,45.48046179,10.63930365,28.1099605,Mill,1
65.59955513,46.32235029,8.991640338,31.15722961,Drill,0
71.30740577,56.18046588,9.836954654,33.23244769,Mill,0
84.41273289,55.4565506,10.69535297,28.92166181,Drill,0
55.64137849,53.0456906,9.025542872,25.63519455,Mill,0
81.63163752,44.53843618,8.648583842,34.40703764,Mill,0
70.10233061,48.41795775,10.06830483,33.60567681,Lathe,0
60.18491349,56.0654885,7.825508122,25.4186295,Mill,0
74.62103474,50.70858457,7.828349742,36.77721401,Lathe,0
71.99059696,61.5966477,11.35874657,35.85099355,Drill,1
63.99783123,51.9665892,7.70241193,30.67148249,Mill,0
70.69802085,50.96024558,11.332625,30.39798931,Mill,0
66.14686403,48.45441768,10.92518259,32.77028886,Drill,0
71.13517345,50.66770452,6.548386542,25.69148465,Drill,0
76.62130675,49.23765082,8.644870695,30.1501574,Mill,0
85.86016816,53.54054338,12.38821881,19.23808228,Drill,0
57.62184501,54.78351158,8.037668938,34.38227823,Lathe,0
91.33033375,46.0700527,9.071191475,22.19253389,Drill,0
50.479122,43.34383523,10.92412179,37.51709914,Drill,0
68.48214905,40.81897313,11.56678102,28.34939953,Mill,0
75.88317206,52.53995663,9.496922228,28.94166509,Lathe,0
72.80991868,44.48316697,8.804979611,26.86133047,Drill,0
63.7730048,39.23554704,12.84473972,28.55980563,Lathe,0
67.9187775,51.94289302,13.47779933,37.09265673,Lathe,0
65.06999065,62.46499759,11.9577161,17.56095672,Lathe,1
64.10635243,49.96964544,10.17063629,36.38482693,Mill,0
78.49602097,54.19245387,8.383468557,31.69011741,Drill,1
73.57015486,50.40914679,8.339111187,23.96489176,Mill,0
63.07090405,49.50555173,11.04502821,24.62343803,Drill,1
78.99599875,54.59538241,10.83679644,38.38196514,Drill,0
73.07299521,48.54862728,12.80319719,25.2724656,Mill,1
78.12862119,51.33696157,11.30090019,24.23324745,Lathe,0
76.29628842,51.60848903,6.993839396,35.68657271,Lathe,0
61.71004989,46.65954773,12.10389524,31.69276438,Drill,0
64.3981896,54.96021175,8.003878745,25.31037212,Mill,0
77.47293605,49.12520122,9.232057456,31.08312488,Lathe,1
76.10370265,46.2212742,10.50040041,24.87123658,Lathe,0
69.79098406,52.68254922,13.99133498,35.50410699,Drill,0
71.17327383,45.50766009,16.21983711,35.30685482,Drill,0
82.77664896,50.14090579,11.21344612,32.66003099,Mill,1
64.08428611,49.95440502,9.633606763,31.80830531,Drill,1
75.47097381,55.42947783,11.0690113,38.80594062,Lathe,0
67.97807348,52.37349116,11.77531085,29.99843164,Lathe,1
67.82318797,49.87486521,9.358664749,24.09062937,Lathe,0
80.98776852,54.0888315,13.59042271,32.24736956,Lathe,1
78.25416349,56.95103775,10.46014152,40.43023525,Mill,0
78.13509636,52.78905153,10.99548618,24.92620253,Mill,1
83.05478807,50.0517631,11.3318485,28.19268617,Drill,0
70.21003842,43.44081884,10.84317322,32.08223019,Drill,1
76.81952971,44.67443168,11.677881,29.73047575,Drill,0
66.89733243,48.47387648,8.765493627,25.0884821,Mill,1
73.24166352,46.95243899,8.883396492,35.60928928,Lathe,1
68.69856946,49.06514349,7.799691534,41.60020361,Drill,0
70.96995965,50.28324962,10.87900246,30.9806573,Lathe,0
75.95157025,52.64846377,11.55787301,25.47965855,Drill,0
61.81779317,49.64750611,10.91554573,22.25519737,Drill,0
90.92387276,52.43250822,13.34898487,31.28987991,Drill,1
59.93982619,50.32237207,9.988807962,35.51938672,Drill,0
57.85811387,40.12266717,11.33748331,32.37583873,Drill,0
81.58110874,45.30332303,7.816598248,29.9879808,Lathe,1
77.91662694,49.27956222,9.225800595,27.05364174,Drill,0
76.24119817,43.95152629,11.39107552,24.53918184,Lathe,0
76.28345509,52.99964365,11.69820422,34.17375663,Mill,0
69.87753227,57.65375416,9.412066105,34.56885811,Drill,0
61.02745629,56.09380926,9.856801496,22.27135107,Lathe,0
70.75804558,48.93278565,6.964252507,37.94919489,Mill,0
63.22838288,57.45363068,9.285941598,32.8703561,Mill,0
79.75119733,50.74333729,11.78076633,36.99797323,Mill,0
68.52942618,48.31457014,11.15041003,23.28936126,Lathe,0
61.74502803,46.93298668,11.00133144,23.17087922,Drill,0
66.78614158,48.48765157,10.09954737,29.25515345,Drill,0
74.12931454,48.05911591,10.01412632,32.51392213,Lathe,1
64.36275447,50.85208111,8.679357721,38.98180411,Drill,1
61.77779604,50.80286991,11.39765684,33.53039457,Lathe,0
72.43687211,50.0152301,10.84194589,28.78659362,Drill,1
72.44966571,52.18469085,10.9840377,24.86815396,Mill,0
64.93056825,55.95323137,8.947930315,36.15000286,Drill,0
65.28961694,54.74777068,5.69331416,25.17647287,Lathe,1
72.32049937,42.57551016,12.19430542,38.14234277,Lathe,1
55.51915659,37.23039433,9.042325088,28.57807675,Mill,0
55.92536226,54.67159956,8.274448472,37.95291036,Lathe,0
62.81555779,43.16560651,11.38695782,33.39465645,Drill,1
67.86552848,48.87617299,9.21597472,29.31502255,Drill,1
73.10907566,44.14943487,12.11987277,27.40301814,Mill,0
84.75356217,40.99009781,11.2340119,28.29546061,Lathe,0
78.57659623,52.70731364,11.36713865,32.14158346,Mill,0
68.4006147,53.7957758,7.268088578,30.38578248,Drill,0
69.80983792,47.117448,12.42388797,27.03094296,Mill,0
59.97470635,37.04478854,10.52250106,29.17184295,Lathe,0
69.81486864,47.26877776,9.261445722,30.39288515,Mill,1
67.11341361,51.95902003,10.28677693,19.35632953,Lathe,0
73.2271856,42.60544216,6.447529534,32.29084057,Lathe,0
61.72769056,50.9167996,10.81730562,25.10139388,Drill,1
75.19346514,49.92345075,7.941256984,24.23333798,Drill,1
85.32738913,52.8964575,7.294659428,21.56327826,Drill,0
68.91239852,50.59790184,6.955281628,21.03053751,Lathe,1
74.01711722,45.1346553,12.22537675,23.22276248,Mill,0
76.90143992,55.98285751,8.741473213,26.45489521,Lathe,1
65.98779528,49.20735213,13.06745542,39.76629569,Drill,0
72.24092482,49.8634773,8.928397074,27.37060162,Drill,0
70.12592401,45.3336602,6.585284085,30.88875053,Mill,0
70.97676099,47.78358874,7.76695112,32.00240693,Drill,0
62.26990216,45.57598643,12.47162324,30.65532593,Drill,1
70.24510174,49.1352697,9.688203644,29.6127827,Drill,0
74.97998291,58.5585424,8.903425407,24.02353118,Mill,0
84.51143608,43.14049429,10.32003645,37.25463774,Lathe,1
79.59270826,41.93219301,11.00356547,39.03598322,Drill,0
91.53182458,57.35585164,12.23479763,21.58670653,Mill,1
62.32652437,48.95338161,12.89699846,24.87985705,Drill,1
78.72320637,46.65463631,9.280462708,28.60094829,Mill,0
71.83342006,55.19952344,7.347904628,25.17731103,Drill,1
91.89802933,46.9719223,9.173069678,32.52982777,Mill,0
61.91701715,59.13004857,10.52056101,26.35863899,Drill,1
61.60278158,53.38962936,8.072482148,40.82528034,Lathe,0
64.00607355,47.56044296,8.08569817,35.95274297,Drill,1
48.76104276,60.78654107,10.68757576,31.06287015,Mill,0
64.74244978,46.97142538,9.902695297,35.13493132,Drill,0
62.40867338,53.71047686,10.06559399,35.52950212,Lathe,1
71.50393786,51.4964629,8.483009331,27.18026256,Drill,0
73.41755976,56.50870645,9.539198572,25.91891378,Mill,0
88.76170839,57.80755598,8.151533711,30.39071531,Mill,0
79.50423838,50.16002075,11.78039682,34.30818062,Lathe,0
64.23096344,46.23291065,12.07049867,30.69530199,Mill,0
61.01585329,52.29986071,6.307624276,22.11501759,Drill,0
74.91919172,46.61142315,8.14097828,25.98587778,Drill,0
56.79766793,60.06693624,7.00694149,29.63013568,Drill,0
88.31458766,50.68267666,8.699952131,29.62167198,Mill,0
81.79440121,48.17339224,9.83312406,39.86271088,Drill,0
65.30824348,50.92340153,7.100709561,23.07006029,Drill,0
52.86865471,43.26436855,8.156280374,32.52794621,Drill,0
83.53872374,45.14192981,7.992085256,37.44556554,Lathe,0
68.85460155,56.00206954,10.41453466,41.35724873,Mill,1
82.37816312,46.71552861,10.13868867,27.97801288,Mill,0
54.05572341,44.76544509,8.556524893,32.45714726,Mill,0
64.00624977,52.68326376,10.35364174,32.84880179,Lathe,0
70.052437,55.92852077,8.906639831,30.97740866,Mill,0
70.46980594,53.59476655,9.456689779,29.50577399,Lathe,0
65.49934529,54.98023843,13.34690418,32.17987695,Lathe,0
76.22849932,46.21602456,12.6809221,17.33876957,Mill,0
59.32379571,42.89094667,7.400837526,33.41034745,Drill,1
68.57620515,57.50666826,11.65946484,30.63088952,Drill,0
71.20295632,48.38660081,11.62279311,28.88762552,Mill,1
75.14438834,48.74583492,7.703473422,40.23431098,Mill,0
77.11614878,56.64097071,11.63755529,26.62532991,Lathe,0
58.75357908,52.78115005,13.07586384,27.98462005,Mill,0
54.65885829,52.27943886,7.754910388,39.95776651,Lathe,0
82.77676822,60.82501172,8.164994358,25.83969348,Mill,0
73.32314012,46.78240885,12.03532293,27.24942359,Drill,0
62.51513463,54.63920064,10.54299062,29.26487288,Drill,1
85.51151976,50.28506562,11.10295255,34.20367241,Mill,1
71.15674634,51.34296139,10.68117843,31.03901254,Lathe,0
81.79297184,57.64234213,10.78139184,23.53687326,Drill,1
70.67518481,52.53917878,7.347055743,27.33915718,Lathe,0
90.60747925,52.6914804,12.09463541,26.96322783,Mill,1
87.55340842,55.36253669,12.33917998,29.61389477,Mill,0
67.51035852,48.17523635,9.541218512,32.12921829,Drill,0
79.71570951,45.80395166,9.9130461,32.09102878,Mill,0
76.4537595,44.77595403,6.937784995,21.11994123,Drill,0
83.68631558,40.16821705,11.02850951,35.31970494,Lathe,1
60.35076539,60.28103565,11.14411488,31.26284423,Drill,0
76.8605146,44.48395817,9.875617966,36.92266024,Drill,0
80.58424487,48.89373188,12.24870672,32.22099164,Lathe,0
52.41260514,48.6159335,9.331845538,35.50661479,Drill,0
58.16741487,51.53703349,11.12921185,32.33272656,Drill,0
49.60767822,54.07868606,7.960671323,36.73112878,Mill,0
67.30593166,54.30236744,9.952895698,32.61125318,Lathe,0
77.17542256,47.08461281,9.651291484,29.51042377,Drill,1
85.02357052,49.16439143,10.45061584,41.3621736,Lathe,0
70.7409478,51.41289975,9.260946142,34.44518561,Lathe,1
86.28615546,48.75654437,9.737054809,32.86872211,Drill,0
56.19898542,58.03672788,11.65209434,23.61847792,Mill,1
52.96617561,52.45487476,9.126471526,23.55846191,Lathe,1
69.44452301,53.67438893,6.786845799,31.46357741,Drill,0
73.84065449,53.31440634,13.49916781,30.72760599,Lathe,0
69.67305252,55.86736929,12.76290816,26.92938717,Mill,0
49.325579,50.90510779,7.41547461,30.7049135,Mill,0
69.1087996,43.51584026,11.37941561,37.94313464,Mill,0
56.95530499,51.99843976,8.994050459,33.47701237,Drill,0
76.69672549,46.74321553,10.52697443,24.29495745,Drill,0
73.66598246,47.35691659,10.58844826,29.44245586,Mill,0
60.60120214,52.93182009,9.531184399,25.9751676,Drill,0
64.86133083,56.19141536,8.432468669,28.06150042,Mill,1
59.40786478,50.10635788,8.618917895,27.93192167,Drill,0
69.37320903,51.54416506,8.167616169,27.61177209,Mill,1
79.55142321,58.51107472,8.336355584,23.72432314,Lathe,0
60.14273954,51.2037659,9.86564342,29.36172659,Mill,0
75.04046516,63.00841557,8.568480022,27.19696182,Mill,0
64.69742382,52.82754823,11.36410413,15.35275655,Drill,0
62.07127168,41.1961862,12.97449231,40.26486012,Drill,0
68.9296964,53.76670811,8.839893517,35.44384827,Drill,0
59.64757678,51.90579192,10.478809,28.11849638,Drill,0
64.46350695,56.44876377,10.99937022,30.09409525,Drill,1
58.02122107,53.36590676,10.94400454,24.14172826,Drill,0
89.64725133,49.30772008,10.15191054,38.47861439,Lathe,0
70.35263552,43.87850882,11.48536484,39.48644347,Mill,0
63.00274492,48.95488371,10.96449791,30.78346864,Mill,0
72.13979911,45.74739773,7.524675155,35.11765322,Mill,1
68.8767195,47.09738275,11.73831213,30.87643389,Lathe,1
67.790304,52.94289202,11.77458167,23.31637281,Mill,0
76.141667,58.34952252,8.473427792,27.94088316,Lathe,1
77.5750771,51.97335765,10.07587567,30.65963983,Lathe,0
64.69498852,44.02058469,11.36665799,27.72726141,Lathe,0
64.24181759,52.22301334,9.581372361,28.90673361,Mill,0
67.24948303,55.98315743,12.1459561,29.54300221,Lathe,0
46.98078835,46.95108548,14.72774499,29.59560751,Mill,0
54.84808938,49.32991417,8.428027935,30.26129245,Mill,1
83.66874267,50.07344097,7.237910794,24.69697467,Drill,0
86.44967714,46.07550843,10.60763719,26.41491925,Drill,1
67.5096396,53.24140217,11.44312501,23.57707867,Lathe,0
75.76556963,49.39525926,9.538267252,34.88907775,Lathe,1
73.11250155,52.09766222,12.90652133,19.47176529,Mill,0
100.7888081,45.56253911,7.322788401,35.76795172,Lathe,0
81.19574911,47.8127085,11.38583725,36.93174699,Lathe,1
68.72082409,53.61190679,8.788278358,28.48909707,Mill,0
60.44459559,48.13583424,13.43875581,16.98431456,Lathe,1
53.9355368,58.63481926,13.98503071,28.19344719,Lathe,0
72.03463636,48.00181907,8.466686824,29.67907919,Mill,0
62.43649255,51.12342363,8.900885728,24.9470089,Mill,1
55.7774629,54.66295416,11.71917577,27.42390803,Drill,0
63.53427116,42.90817134,9.2257387,37.65097599,Mill,1
59.18451996,41.19595594,9.909177564,33.32463581,Drill,0
86.87141635,42.37171843,10.05077684,25.37717943,Lathe,1
78.81639757,56.31292052,6.160653688,22.01200415,Mill,1
69.92027359,47.24070927,9.972324508,28.36491341,Mill,0
84.79944139,62.79099643,8.620544452,28.9327161,Mill,1
70.77368308,47.17876201,9.013754355,32.48099594,Lathe,1
61.38715799,50.92275652,12.88726401,27.32341644,Drill,1
85.23124077,57.71054976,7.486986211,32.55749788,Lathe,0
75.38910044,60.03046444,11.62641037,39.6757702,Lathe,0
59.62753846,60.30751788,9.442074139,34.07750511,Mill,0
68.09661322,56.04183115,9.440479663,29.75955746,Drill,0
61.24381747,55.12031263,11.58074379,29.08424764,Lathe,1
56.17200269,52.96263475,10.68010259,28.21663433,Mill,0
79.26177548,53.89180538,11.14122599,35.90320456,Lathe,0
89.0941664,47.24407142,11.93636932,26.86343277,Lathe,0
56.01432426,45.90900558,9.337383234,30.22611354,Mill,0
75.62969237,49.98312771,8.775526531,30.25598951,Mill,1
63.49357431,49.14907689,7.829698947,27.49107904,Drill,1
65.12874616,47.73385975,8.34917894,23.13767226,Lathe,0
64.07606076,53.48193724,15.89818885,31.61487252,Mill,0
61.3600923,54.77652604,12.48935916,29.69498014,Mill,0
70.48521628,50.44203443,7.297851268,32.50120235,Drill,1
61.69049884,57.38765041,7.355084087,27.33199847,Drill,0
72.70456826,44.29155443,10.96373212,36.10410649,Mill,1
69.49761891,49.0317027,11.09452959,25.61613109,Drill,1
67.61051953,46.4158884,11.09776767,38.56020142,Mill,0
60.92436338,40.66731691,9.490088413,21.26181745,Lathe,0
64.23228669,49.58659657,9.74909148,32.17385032,Drill,0
77.55391226,49.39126246,10.65575905,32.37715341,Lathe,0
75.00917188,57.56724872,10.17178601,26.02221466,Lathe,0
60.22444755,53.15405842,5.561399255,32.12196969,Lathe,1
70.99332305,44.87906588,9.540400739,36.39759335,Mill,0
77.51387123,59.27046283,8.297187131,18.9159058,Lathe,0
53.30594719,56.10516848,10.35042284,32.51372404,Lathe,0
75.43360192,52.91048852,15.97051801,17.5336459,Lathe,1
63.37376241,48.86757951,10.73496333,25.17167598,Mill,0
75.70598669,45.20280382,9.372940628,38.14583182,Lathe,0
62.36740843,48.13896612,11.843603,27.09108983,Lathe,0
51.95117899,55.4437431,10.96537577,24.13060018,Drill,1
53.72457562,59.42293153,10.84018898,29.01031136,Mill,0
70.48084947,57.71621764,11.21370119,40.33953169,Lathe,0
72.59722502,47.55575289,14.11308713,20.84158876,Drill,1
60.95683375,44.40191283,7.738223129,24.74345044,Mill,0
76.38592459,50.70443123,10.94726415,37.48715842,Mill,0
53.38479938,41.15780317,8.14723774,39.28851172,Mill,0
69.33920201,51.61583857,11.11102529,29.48284388,Mill,0
57.889838,49.26198707,8.162626977,23.80473649,Mill,0
63.48163892,47.66981749,9.165266373,40.47921751,Mill,1
70.47398671,42.02648466,9.409820172,37.97221196,Lathe,1
61.39586635,52.56800053,11.95163344,33.39473494,Lathe,0
66.15444456,47.3364958,11.83690889,25.93798826,Lathe,0
80.06292809,44.15041582,7.508565247,29.7548533,Lathe,0
64.2310813,35.63868893,10.10986822,29.19819959,Drill,0
78.35692112,49.86242547,8.580840291,31.65425652,Lathe,0
58.70293145,58.86125798,7.482990179,37.25500719,Mill,0
75.29804178,58.30629607,9.565965899,34.39708521,Lathe,0
84.41568621,47.71451872,9.383034423,24.61311962,Lathe,0
45.283555,46.9889397,14.85343297,36.88248225,Mill,0
62.03104745,52.34387128,10.86591965,31.5656607,Lathe,1
75.77072127,45.0080728,7.244764998,33.43532898,Lathe,1
67.96954614,51.5089595,8.870451992,37.3327043,Lathe,0
73.71145873,53.83040139,12.04276659,24.44209875,Drill,1
63.96014813,56.13466612,14.17688555,29.82087211,Lathe,1
70.86589787,49.49922962,6.828033376,27.34272724,Mill,0
68.44322765,48.98163125,6.24015123,22.16070287,Mill,0
81.67782062,45.61008707,13.74193035,31.73354989,Lathe,0
72.54420843,45.86559823,10.77922835,42.55778276,Lathe,0
73.37602662,48.86760554,8.263414536,20.79961128,Lathe,0
65.88123034,51.83682753,11.06925817,29.83859694,Mill,0
65.12393776,54.56792313,4.728504522,33.20271468,Mill,0
65.67441812,45.98410525,10.00675101,30.61539101,Drill,0
73.94452142,57.46344284,10.65564235,29.43435974,Drill,1
65.79015519,48.64438199,11.84854028,23.50391818,Drill,0
72.89774857,49.89316353,7.972208095,31.16393371,Mill,0
90.75400799,46.2639416,10.17137432,26.21618011,Drill,0
78.71124703,37.8787987,8.149150748,19.05039148,Lathe,0
66.73976468,54.42022698,10.51076751,35.9729611,Lathe,0
82.01213922,53.68421949,8.209307355,34.7919291,Mill,0
65.91924627,48.59336221,9.183798322,30.25830488,Drill,1
49.61875465,50.33495359,8.00836921,31.14537344,Lathe,0
59.91913689,52.57969609,11.30227248,35.37159006,Mill,0
51.29208079,42.18727072,11.71690223,31.12169828,Drill,1
66.48486516,47.35473661,9.53075886,34.52008777,Lathe,0
70.18418379,53.9713234,10.07647599,28.512589,Drill,1
86.76437312,43.72855288,7.102817171,36.55991869,Mill,1
73.26927374,51.46778966,9.400646704,31.60392863,Drill,0
67.80899471,43.21709098,9.899590766,30.97025972,Mill,0
78.29405581,52.33214991,15.24158618,23.64969456,Drill,0
47.88864691,49.82179259,7.776065948,31.43477927,Lathe,0
72.35614558,41.92434092,12.92835448,25.84022541,Mill,0
77.70865194,55.82369677,11.99371755,26.80858637,Mill,0
55.21413754,46.32704212,10.56127281,25.92312186,Mill,0
81.43754043,45.94873781,13.51724097,24.66882534,Drill,0
73.38496407,51.00284599,10.74421095,40.62385702,Drill,0
65.84712086,55.74318675,10.77831839,36.65669531,Lathe,1
76.32781866,44.92089091,9.893758694,39.60183751,Mill,1
92.70692858,50.30839925,12.44713776,23.8855249,Mill,1
71.81866255,52.1440825,12.19293847,30.35626875,Drill,1
72.48220586,53.46552804,8.748645425,23.53246187,Drill,1
65.406391,50.88220778,7.361505611,26.52152561,Lathe,0
61.50155631,48.1648608,9.594038725,25.40936508,Lathe,0
78.30335817,45.8620489,8.399922871,36.19792003,Drill,0
61.43916174,50.43071942,9.872950851,28.01885161,Mill,0
70.71566237,44.63930494,12.47487627,35.34189667,Lathe,1
65.22342553,35.39324758,9.08539669,33.02060445,Drill,1
74.78979826,52.18279902,9.914353237,41.51819376,Drill,0
73.33662105,54.51967421,10.11604547,22.60277888,Mill,0
80.37539944,38.18533782,11.69686176,36.2961662,Drill,1
64.89983601,44.95134648,5.506221332,35.73220435,Drill,0
67.30125065,53.09577131,8.78659941,25.13310581,Lathe,0
60.21236284,60.28747735,10.42256738,35.03566668,Drill,1
65.5570674,50.10396854,12.40015791,31.68072482,Drill,0
73.77300493,46.35998529,9.016195105,28.8626187,Lathe,0
77.56988617,49.08551779,6.246894588,25.88032257,Mill,0
60.77834676,56.8743821,11.23942289,26.40445274,Mill,0
78.6960592,46.7701791,8.729275222,40.24906048,Lathe,1
83.55637859,46.00403997,7.620666682,30.00341409,Lathe,0
74.13434903,47.58628239,8.751309221,33.91065001,Mill,1
88.76795813,45.23335696,9.630949285,26.04550309,Mill,0
62.26210801,50.61335158,8.790510671,26.10073527,Mill,0
57.55345297,58.12339229,5.588867886,35.40992405,Mill,1
52.21279751,51.61539637,11.79413239,23.25211894,Mill,0
84.96044311,48.73823249,12.54975008,27.92393116,Lathe,0
76.54365656,48.54094366,11.30304398,30.17013706,Drill,0
69.44415329,42.18404596,7.724628659,30.55686301,Mill,0
72.79968626,54.41554889,9.597016932,29.10453357,Mill,0
58.74510953,49.61081401,9.98695737,31.97909891,Drill,1
94.4575198,49.09760043,11.19758878,33.46427878,Drill,0
71.29221182,65.96553784,11.33668098,33.67318773,Drill,0
71.09394795,51.49376454,8.531652402,25.07098096,Drill,1
77.25766624,46.24104475,10.16399111,28.57922451,Drill,1
74.81009232,47.86821202,10.91456081,35.97381431,Drill,0
72.23884024,55.74222855,12.91164464,34.47323594,Lathe,0
62.09525545,50.56635205,11.40901308,23.13570274,Drill,0
74.71468357,42.80861011,11.57811337,31.7573995,Drill,0
88.82024496,54.59614467,10.16765326,20.10887375,Lathe,1
83.45420046,46.65927957,12.82091829,30.23467451,Drill,1
85.93186627,59.36648888,10.81952559,39.48883508,Mill,0
64.88784324,55.40024033,8.27782418,25.26053641,Mill,0
60.1039518,47.76339052,12.80673994,25.82838477,Drill,1
68.7421308,56.40508181,11.39580655,33.82014891,Lathe,0
70.55724912,50.33927755,9.113911958,22.28599242,Mill,0
80.94191518,54.26386838,9.041014065,26.83622485,Lathe,1
53.0753537,52.42366409,10.59315109,32.98220569,Mill,0
85.29550319,45.76821673,10.92636959,26.82857076,Drill,0
68.41992101,46.78225084,10.39458453,28.82015006,Lathe,0
65.7311893,55.14980409,10.62261735,33.72092855,Lathe,1
59.87895625,48.32612334,13.39991475,32.10773042,Lathe,0
53.45143328,47.98175768,12.1430863,31.33409198,Mill,1
78.23170584,45.2243871,10.38127118,28.3043886,Mill,1
70.73317967,52.11799533,11.88262116,31.85030558,Mill,0
57.100391,60.3126246,7.934952193,29.3813366,Drill,0
57.04921228,44.66233543,10.7958541,32.28902805,Mill,1
66.64215301,50.12109728,13.6186127,27.51533987,Drill,0
86.69021525,57.06110278,9.563908209,29.08715513,Lathe,0
67.40408649,49.60179304,8.304732143,25.05021104,Lathe,0
54.96857047,52.26185898,8.695822223,29.82496195,Drill,1
67.54256936,44.68803236,7.820733925,25.94499568,Mill,0
67.2727643,52.14153549,8.430476184,24.42976775,Drill,0
43.03113357,49.06427867,9.258983803,31.29330574,Lathe,0
69.45705133,54.92864998,7.188865962,31.06369888,Lathe,0
67.6906547,55.93693026,10.03123667,33.91436867,Drill,0
76.96206365,62.94781821,11.80455435,27.84437215,Mill,0
88.48956095,52.89816587,8.18448764,32.04026423,Mill,0
81.2656503,51.62898158,13.03856785,32.75398786,Drill,0
67.31111309,50.97192151,11.02158418,32.22386904,Drill,0
58.93474091,48.23416854,12.06116117,25.87173159,Mill,0
95.73359803,51.69241922,8.684330892,30.74681741,Lathe,0
70.59218434,48.52299295,11.70905045,31.82070148,Drill,0
70.13929292,50.84230488,7.816132199,30.03589233,Mill,0
69.75874913,56.58798768,11.780495,19.56761171,Mill,0
71.98084761,44.96728717,10.34367868,30.80244812,Lathe,0
68.55639588,55.69939281,11.10650244,41.0626552,Lathe,0
64.26337993,56.58557534,7.648810789,28.19980366,Lathe,1
64.53141059,49.40965737,8.209860315,26.35961451,Lathe,0
69.6724673,39.3907255,11.19445644,31.8667428,Lathe,0
64.56575229,46.96089006,8.103303992,31.56189105,Drill,0
62.87154217,56.48497273,10.92641258,35.96367583,Mill,0
71.06430228,49.88565969,7.265724387,23.71065922,Drill,0
67.45022783,45.00348884,11.69634843,33.65690126,Drill,1
85.03992989,47.47612539,7.53495337,32.95211031,Drill,1
43.49030192,54.20310013,11.10459988,29.28926732,Drill,1
80.91506852,52.73366784,11.25126187,31.69343659,Drill,1
82.46085192,48.8053395,8.606456363,35.14728741,Lathe,0
49.26609768,48.16587794,11.16405313,34.3615769,Lathe,1
66.57312406,48.04120925,10.52088453,24.28490344,Mill,0
66.28559134,45.38794908,8.922316288,34.10079093,Drill,0
55.92488305,58.07687845,7.982890632,29.67655697,Mill,0
62.22183312,48.38839765,6.074748617,30.36437049,Lathe,0
58.89424155,56.0857926,10.69930009,30.36598496,Lathe,0
87.52270443,57.60658026,6.870394457,29.24878506,Lathe,0
79.35678393,54.99155449,10.1906884,35.95853749,Drill,0
82.71555095,47.84189844,9.473103568,29.5814102,Drill,0
77.21672064,52.01865045,11.35828555,24.40226936,Lathe,1
58.70948229,49.87902197,9.395909001,28.03235072,Mill,0
64.75479734,45.4814907,9.341104427,30.89347358,Mill,0
74.89374561,51.62179641,11.46374141,36.14607392,Lathe,0
57.77872191,44.10480104,10.67011606,33.01547342,Mill,0
77.1299843,55.93839694,10.63231191,25.74732361,Lathe,1
67.59674602,47.67691351,10.93853518,42.42594958,Mill,1
66.25179192,51.00579828,6.928855754,31.32387655,Lathe,0
77.10959968,51.41643936,11.51357736,36.37695369,Mill,0
74.44263311,48.70547513,11.22493759,29.24142783,Drill,1
66.39033834,52.93346901,7.966633743,32.66679622,Lathe,0
81.59329803,47.62548172,9.511839053,34.19734252,Lathe,1
59.18936672,54.35648649,9.921385425,36.09097356,Mill,0
76.15935607,43.2701016,9.731006431,35.28684153,Lathe,1
75.93101258,50.6318979,10.66771993,34.360985,Lathe,0
66.90453561,59.694645,12.86273356,28.42456634,Lathe,0
73.26133022,44.99834338,12.16353346,27.14126979,Drill,0
57.48886424,46.61127515,7.375561613,31.66303755,Drill,0
79.24027019,52.56953925,11.24413998,34.66564036,Mill,0
68.15097864,50.89790891,12.65786664,28.8863965,Drill,0
64.77276979,51.7531505,10.77361704,35.32585983,Mill,1
80.49009226,52.44593565,12.18196085,37.26308373,Drill,0
62.95656309,53.17360734,14.02454089,25.4183954,Mill,0
55.91538704,55.54849921,12.04741909,25.81539648,Drill,0
54.43370826,52.04909328,10.49861719,29.29812471,Drill,0
76.06009951,48.79371173,12.09017695,31.53806334,Mill,0
57.19570648,53.36286851,10.28977567,27.37716493,Lathe,0
87.54794182,59.49940967,10.04780609,36.76101339,Lathe,0
49.18070592,49.33683127,9.297171529,32.12033431,Drill,0
86.96456368,45.12735348,13.12682672,30.19723524,Mill,0
72.11017467,55.53540335,8.363142668,22.82045238,Lathe,1
69.03286888,49.39809418,13.06473545,23.42092092,Mill,1
64.55080913,39.13665227,10.99972825,31.40504625,Lathe,0
73.99136114,54.23710839,7.20138765,19.33702187,Mill,1
69.62365298,47.32335907,10.73529859,35.06318705,Drill,0
81.03301882,49.54733359,5.799946985,29.20923078,Mill,0
71.14227649,51.65990165,11.25101603,46.21546485,Lathe,0
71.50301761,50.9524984,11.77046297,41.53958125,Drill,0
66.36387788,53.54725909,8.815288089,29.09275465,Mill,0
69.43054376,47.82256815,10.24709539,29.46831499,Lathe,0
73.07801769,52.56552899,13.90831487,34.97790757,Drill,1
52.89831607,48.70226661,8.988506591,38.51586305,Mill,0
56.51814578,53.6940524,7.882184826,21.80985471,Lathe,1
77.43264094,53.07683742,12.9633268,21.06812267,Mill,1
71.70865438,45.32280649,13.92517438,26.88982597,Mill,0
68.16016664,55.42991058,10.00739134,32.91368792,Drill,0
70.18433933,47.32018277,12.02292607,32.48436795,Drill,0
73.47581705,54.04028899,12.68295183,35.34885727,Lathe,0
64.6024032,51.83643657,8.515031535,24.00151236,Drill,0
62.21695275,59.19091838,9.029388329,18.41928069,Lathe,1
71.95845255,48.88267009,12.46174903,34.29007098,Mill,0
60.21627222,48.25341602,13.37002856,25.85901864,Mill,0
74.08252756,49.90290197,11.12576172,19.90756068,Lathe,1
52.97416396,48.48410109,8.240371293,30.72531873,Mill,0
80.29155637,53.99970951,13.97412222,33.96587844,Drill,1
74.72597482,41.91844696,8.938058204,29.38971434,Mill,1
72.56029734,44.7315879,9.329724438,27.71075807,Drill,0
79.82690984,44.66098539,10.68467567,29.20318884,Lathe,0
86.65474444,54.75153796,13.10832084,28.14708619,Lathe,1
80.14370065,58.55306686,11.70795195,23.25976444,Mill,1
51.59125769,49.47775391,10.829731,26.42659662,Mill,1
57.20423033,49.15589138,10.92657706,32.60639953,Drill,0
63.75181422,50.35026082,10.08702934,31.60839271,Drill,0
70.2609105,55.80939151,11.11627903,30.84029903,Mill,0
75.1765902,45.36323433,4.940879845,25.02425759,Mill,0
62.74256187,51.19184491,9.406785082,29.09248419,Lathe,1
71.86766764,54.87598815,10.48264387,19.11467477,Lathe,0
62.44617068,52.50547085,7.697971833,30.89238332,Lathe,0
63.88482197,50.94790808,10.77264664,37.14428854,Mill,1
55.93338903,55.00523046,9.591057558,22.62933934,Mill,1
60.76766754,36.48383854,13.5109514,27.07036163,Mill,0
56.48315394,53.3893766,13.14603945,31.64553389,Lathe,0
60.24126747,46.72962158,9.068388862,36.26421317,Mill,0
80.53641797,40.84683552,9.698324577,27.75887692,Drill,0
60.50601111,52.556013,9.852104869,26.53874835,Mill,0
96.32382065,56.86829273,9.096681048,20.15538429,Mill,0
74.93317901,49.31275743,10.39004997,30.51719065,Mill,1
71.84836124,54.76437274,8.483435862,40.2103802,Mill,0
61.4164222,58.06139129,7.73876933,31.38679231,Mill,0
77.00309879,56.57457227,11.24542245,29.8886051,Drill,1
64.24362174,58.19982265,11.25905917,31.61041155,Drill,0
71.22009815,53.71063746,8.391368481,29.94453998,Mill,1
95.60084538,50.37716819,11.79071086,25.93492814,Lathe,0
69.039401,41.99017094,8.736844542,34.11639958,Mill,0
81.49273326,48.76968756,10.50633048,31.12880762,Mill,0
62.96823575,45.78376702,11.64068803,30.08806626,Mill,0
69.6501151,60.85471359,9.932774871,25.12316986,Lathe,0
87.70800636,49.12057094,10.90948182,36.51753966,Lathe,0
63.73032942,50.61602403,8.967140712,33.32351373,Lathe,1
88.12448558,52.75742688,9.607066833,27.23539581,Drill,0
77.07751935,50.21801223,9.588281138,35.00912427,Lathe,0
64.37533224,58.4752552,8.506843307,27.51214581,Drill,0
76.32407739,46.88675319,9.646451674,26.08998254,Drill,0
79.7255445,50.97303728,6.902763402,26.20148441,Lathe,0
76.21809962,46.28764707,9.017692506,21.14465723,Lathe,1
54.2977528,43.39988744,9.430249013,32.3577119,Lathe,1
62.72862824,46.94115455,9.487640495,20.84427561,Drill,0
67.52481364,49.81481601,9.517005108,23.85778084,Mill,0
69.25566571,47.85348888,9.8764716,19.62205995,Lathe,0
76.20672098,46.5378951,10.95888304,29.56965154,Lathe,1
71.77701001,42.96841268,11.74903415,29.2483977,Lathe,0
56.64655641,49.58447214,8.700469546,28.36651893,Drill,0
73.80197851,42.47639813,7.593598289,24.78711153,Drill,1
76.10585745,53.80027982,7.915911176,24.13883123,Mill,1
75.59790448,50.41219876,9.025594158,32.32184932,Lathe,0
80.80780726,42.7122425,9.296157364,27.24724034,Drill,0
78.33922155,48.45395461,8.460007868,31.58179161,Mill,1
74.59180079,46.23921797,7.407766672,25.57375657,Lathe,0
69.29834289,51.59587255,9.087758345,30.90531371,Drill,0
53.39039066,56.70225223,10.36285324,36.51639019,Lathe,0
74.29618219,40.62413765,11.19005893,32.930829,Lathe,1
72.07687687,50.5751304,8.885153894,27.93793091,Drill,0
72.71578837,49.19933602,9.174004356,31.28599485,Drill,1
57.23251424,53.35670038,8.146603382,28.79667413,Drill,0
59.1894346,51.06598314,9.937121659,30.03940092,Lathe,0
80.53152853,46.24015334,8.303142732,28.37194474,Lathe,1
69.60444846,48.40473032,11.14625563,29.17832397,Mill,0
76.81500697,46.01987072,6.428267016,31.06046677,Lathe,0
70.28318376,55.38003569,9.280740655,25.0332065,Drill,1
70.29756139,50.10655824,10.60221468,24.92060587,Lathe,1
79.38283806,59.50595343,10.36766903,23.05728723,Mill,1
64.83955272,49.69669593,15.38606733,21.99864448,Mill,0
70.96120777,46.45796617,10.69960005,23.91358654,Drill,0
65.37724711,42.43142804,7.991890806,30.79731253,Drill,1
65.65503773,40.98430162,9.809071506,25.53606242,Mill,0
66.90827877,42.07932028,6.447507333,32.56807232,Mill,1
72.22133772,51.33563326,9.838800501,30.17356874,Mill,1
65.21251378,52.54362512,8.333887886,20.15747893,Drill,0
82.55756126,42.09404649,11.83078055,33.27487792,Mill,0
61.05392698,54.47519157,8.900919451,34.05399323,Mill,0
68.13128356,47.58469474,9.766468168,25.03068663,Drill,0
65.60268942,50.73396506,8.728884317,32.10095771,Lathe,0
84.46977884,58.06110314,13.4777027,25.71750881,Lathe,0
71.96554777,54.48419658,9.357514468,30.48835188,Mill,0
80.31844539,48.65734676,13.66511409,23.67750797,Lathe,0
55.14439627,45.54403887,11.62830352,21.03446774,Lathe,0
72.67050266,39.24092299,10.96413345,28.08591405,Lathe,0
78.89630796,46.4042334,10.73746629,29.38135527,Lathe,1
70.82283989,48.94434881,10.7875946,28.01160153,Mill,1
80.65480375,45.06410236,6.144654841,24.07984721,Lathe,0
64.8271155,49.34371516,9.442233212,28.00050469,Lathe,1
84.0934744,50.38425941,11.69031594,31.34647376,Drill,0
92.98898124,48.87572009,9.902205633,29.77553485,Mill,0
66.3716144,46.7499871,7.189620306,30.91250515,Drill,0
65.54497479,50.84327336,9.895191099,26.649424,Drill,0
84.53384477,52.20970325,13.40821103,35.85858957,Mill,1
85.79572146,44.54800461,12.49378343,24.11913332,Lathe,1
64.77139973,57.0546619,9.875991981,32.43780149,Drill,1
65.79813183,49.50705934,11.90289855,35.90945546,Mill,0
67.18215391,50.09424811,9.266985959,32.40454046,Lathe,0
56.55549489,53.54107212,6.592256826,28.98737886,Mill,1
60.81348054,51.16608066,8.151068024,27.35851477,Drill,1
59.95859233,54.76568317,13.12577754,35.18043826,Lathe,1
62.32202435,51.43562083,9.452013836,22.88512537,Lathe,0
69.65315113,46.93781313,9.513232041,25.1493787,Mill,0
72.34214733,51.80751763,9.400323607,28.01221117,Lathe,1
85.50500493,44.28136896,13.80827318,36.18826879,Drill,0
60.01645959,50.54279853,13.25191783,31.89883818,Drill,0
79.84322398,49.83385005,14.43756047,25.15977121,Drill,0
67.86011156,48.95941571,9.681909579,28.44846147,Mill,1
69.5053629,49.35731244,10.59124898,26.92838428,Lathe,0
76.74819492,40.59075477,6.966714901,26.45105504,Lathe,0
58.77277978,47.25637546,12.95386885,34.89444779,Lathe,0
73.82409746,50.46422451,7.664440897,23.14128435,Drill,0
71.66452208,50.79928196,10.43355113,38.04390428,Lathe,0
74.92451264,44.8616243,7.805394945,34.14114845,Drill,0
72.89168644,56.3285392,8.822266347,35.45430835,Lathe,1
94.5530014,45.66912576,8.325475138,27.68530244,Drill,1
63.62260016,54.847286,8.784249479,29.2502964,Lathe,0
64.69003045,52.13597181,8.921754594,22.83424093,Mill,1
63.76859474,46.76886345,8.90346241,27.37668796,Mill,0
64.44522881,58.87655446,11.66666782,32.46827424,Drill,0
63.62612873,44.03181584,7.790274414,36.48031531,Drill,0
81.89016531,54.59577087,10.44108285,24.46421592,Lathe,0
84.20504248,55.00291159,12.4359183,28.17247032,Lathe,0
64.29253706,46.64689895,8.973607271,29.2435039,Mill,0
61.67644427,56.9623265,8.564162219,23.02105399,Lathe,1
74.71415556,48.74976743,9.53895075,32.95674621,Drill,0
64.47776956,51.44346815,12.35945042,26.38004834,Drill,0
76.32931818,51.30160919,10.38821526,29.02304824,Drill,0
72.02923021,49.32845629,8.937571411,27.74025314,Drill,0
54.84255885,54.05404137,10.9677533,26.05330747,Drill,0
85.47505201,53.9674436,7.7954157,29.96477507,Mill,0
87.95877673,41.25734013,11.36271902,28.92195211,Mill,1
63.8721131,56.52170121,10.81721462,28.14071059,Drill,0
66.1229844,41.68754006,9.384383058,26.35769189,Lathe,0
72.85865391,55.16273102,8.322828403,31.59762335,Drill,0
73.3445679,55.63352568,8.226638155,38.26808634,Mill,0
76.58544273,44.54516785,11.06963467,30.69943616,Drill,0
90.10204539,47.94592856,12.457961,34.98059107,Mill,1
68.23052773,44.47147666,8.725384506,23.04889037,Mill,0
62.01702755,48.92539485,10.91677341,30.7888072,Drill,1
56.20680772,48.45982858,5.825945963,24.51315841,Drill,0
62.6906996,53.89830266,8.830764539,22.61537536,Lathe,0
69.66873027,56.55154373,9.937882134,26.30314296,Mill,1
87.94557864,56.97841905,8.180633166,35.95949667,Lathe,1
64.82388701,47.18915987,8.12698725,34.75007914,Drill,0
72.23787952,48.95389063,8.664440887,31.21502361,Mill,0
69.83577104,41.58280904,10.58438546,22.3364972,Lathe,0
81.88393273,45.97064967,9.625341963,29.01859674,Lathe,1
95.26932426,54.82425817,5.523537533,31.50850004,Lathe,0
64.69131227,58.07791412,5.758599695,30.87768115,Drill,0
65.10560557,43.82825564,8.786269644,20.78103208,Drill,0
80.44160877,47.0376787,10.91537317,25.54841076,Drill,1
76.8189149,49.86797122,4.504990315,29.67961118,Mill,1
88.46707326,51.40080579,9.000539648,32.68145455,Drill,1
75.83928185,45.9519824,8.947504287,19.01936089,Mill,0
66.40707909,52.12030522,12.77667556,29.18938012,Lathe,0
75.90654831,47.63080326,9.229956377,30.71524385,Lathe,1
81.08703581,49.92773865,10.76597797,34.24805994,Drill,0
78.20482181,52.73142124,10.28251428,33.46428792,Lathe,0
75.07274031,50.03211135,5.73886704,32.91285659,Drill,1
80.6667469,47.81807055,11.53641443,26.00029747,Mill,0
81.6929559,49.45195098,10.43079301,20.45998931,Lathe,0
83.82158991,49.5581852,11.01653728,28.03473621,Drill,1
76.48709888,48.14994485,17.85247541,35.00815913,Lathe,0
68.3288192,48.70601969,5.831774121,36.96727264,Lathe,0
71.46713686,57.99323585,13.4493933,33.55274551,Drill,0
82.06508967,52.80459724,9.425104961,32.14670411,Lathe,0
61.83064329,48.52259841,10.57465781,31.89819824,Lathe,1
73.68673309,53.48477202,9.908975509,27.21940627,Lathe,0
66.06661188,48.33090255,9.151527333,29.34969853,Lathe,1
70.28744823,55.86562319,8.860334144,38.34534763,Mill,1
82.78451863,51.84821096,10.65901747,25.28720997,Lathe,0
71.91099068,49.46348928,6.965652607,38.07389395,Lathe,1
70.46436548,52.23858463,11.50115834,28.38985923,Drill,0
56.40143859,42.14561924,9.16761119,36.62716055,Mill,0
77.46253566,44.36616266,7.739861322,22.96592495,Drill,0
76.45484181,44.03037497,9.099974284,32.92952101,Drill,0
91.63254723,50.71471547,12.51429843,26.31614932,Drill,0
66.92221765,58.662575,8.929329826,22.92366404,Mill,0
72.19150328,61.15650073,10.71690724,31.09267021,Drill,1
72.49383684,53.19025551,8.538087449,35.04735894,Drill,0
85.7745328,52.50422237,11.5158437,25.77529281,Drill,0
69.04704468,40.99471133,11.37101548,22.5049202,Lathe,0
72.79021526,47.286631,13.69721767,29.54077618,Drill,0
76.0789651,46.06108124,9.648872109,29.56282336,Mill,0
71.86609123,46.89576201,11.33730961,32.74159814,Mill,1
65.53566385,49.15928091,10.19613508,34.74797286,Lathe,0
71.94089993,47.63954711,12.59174356,29.70292409,Mill,0
80.7363175,40.10350095,8.562335225,39.27751657,Mill,0
59.73484701,53.73955128,11.49001063,31.12117372,Lathe,0
71.32969674,44.63628487,9.610605408,28.26786747,Drill,0
62.99879185,51.19623432,9.871623646,21.9421632,Lathe,0
81.95046629,60.37041335,10.18350497,28.6867024,Drill,1
54.76813095,45.40307704,10.50448079,28.31806527,Drill,0
64.41078153,37.34856239,9.767541914,34.80152398,Mill,0
73.77211875,48.56997889,10.42942637,32.31241812,Lathe,1
85.65524029,55.50479817,13.15623612,24.10315439,Mill,0
69.34249739,59.79173727,11.97089937,30.86127193,Mill,0
64.44800473,43.85225203,11.73830918,33.35765586,Drill,0
88.81157069,52.48349612,9.088920948,37.6401568,Mill,1
55.519861,47.67344772,8.221518344,34.43751984,Lathe,1
48.01194043,49.47025823,11.91060112,33.80423327,Mill,0
74.4001445,63.22171674,11.75209359,30.30042997,Mill,0
64.97945776,42.48514836,12.94534135,31.94156003,Drill,0
59.78767183,51.26869831,8.792038748,36.2475245,Lathe,1
77.08356447,52.33846586,9.540902689,23.33611301,Mill,0
72.43800714,55.42893162,6.721031675,28.25280336,Drill,0
64.35921369,50.48991577,9.215057788,26.13715626,Mill,0
57.19695601,51.5402527,11.99314102,31.89576559,Lathe,0
78.72457328,48.04175716,9.067009242,36.15111088,Mill,0
76.50201178,51.34563471,11.28095959,27.01512857,Mill,0
69.00824136,48.28403862,9.618993788,18.04847816,Drill,1
88.46636996,53.10785945,10.64811406,27.93889627,Mill,0
59.29915234,48.15194832,7.70461722,34.56736866,Drill,0
54.74474829,51.88550197,10.1704189,32.68814951,Lathe,0
63.0809193,49.85368593,4.017728058,32.14093124,Mill,0
69.54413984,55.63025125,9.626207684,28.60003349,Lathe,0
72.43339449,49.74303138,6.739053513,23.60484632,Lathe,0
67.58763942,41.13483766,12.41198903,32.57647161,Mill,0
73.52055397,56.3096075,11.55481471,25.82859095,Drill,1
57.48460576,45.4713385,10.93334196,40.92048367,Lathe,0
84.43764604,46.73116831,13.04201245,32.85253604,Lathe,0
69.17848822,47.02169353,8.102166958,27.09675849,Mill,0
81.17295832,56.87219047,13.4947264,26.94307376,Mill,0
73.42725346,39.32162893,11.86438313,29.53527897,Mill,0
74.56753219,65.68874267,9.526889426,28.80249039,Mill,1
75.6976728,55.28028405,12.27124029,35.58416888,Mill,0
74.4770856,51.11619457,7.787412975,30.93208085,Mill,0
76.4272276,49.72553,8.350971677,26.34184131,Drill,0
83.2915253,51.42777037,8.782820554,39.45220343,Lathe,1
71.9652117,52.60561214,8.942044584,30.24654166,Drill,0
77.09003758,53.22607793,7.886884714,33.84419838,Drill,1
69.10264306,52.77802233,12.44616613,26.95886746,Mill,0
84.40117215,50.44790341,9.482291199,31.81557814,Lathe,0
63.23607698,49.0133079,10.70500994,31.55554996,Drill,0
88.00940433,49.24363358,8.859297267,20.55175354,Mill,0
69.59842049,49.0254586,6.358793399,40.07637555,Mill,0
55.69224898,55.66885048,10.54011472,36.4532223,Lathe,0
71.28104415,52.96778361,6.175490049,28.01402342,Drill,0
63.18948343,35.29805683,9.862731908,24.4886513,Drill,1
78.40643549,53.27950388,7.263369922,31.73780807,Drill,1
63.47376021,50.97368097,13.974552,30.4334885,Mill,0
65.53816567,49.90645622,11.82272544,31.77834474,Lathe,0
51.10459269,48.05740773,10.21150758,30.95788698,Lathe,0
65.47693681,55.6205636,12.52741336,32.53120495,Drill,0
45.76120673,54.73763231,8.307368045,37.2365285,Mill,0
54.16097177,46.13561166,11.08695876,32.84051603,Drill,0
77.60414656,52.03526144,10.39962087,24.75172251,Lathe,0
77.85800159,45.14171633,10.52804016,36.81281426,Mill,0
74.25457562,43.10190918,12.544707,38.20307282,Drill,0
60.33023857,46.86641388,11.46498421,45.76028367,Drill,1
69.52288644,54.31196736,10.57744733,24.38252983,Mill,1
69.96397461,54.76562523,6.690225128,31.21441007,Lathe,1
58.41635311,52.5654271,8.079907409,19.58950648,Mill,0
85.03398302,53.62547893,9.754582133,32.76574578,Drill,0
78.77362291,52.58089144,10.18674475,27.25899851,Drill,0
67.79035826,46.79259202,7.739592551,39.61722897,Drill,0
70.26885839,52.15961272,14.82335335,26.12692515,Drill,0
72.08382808,54.00204763,13.03278811,21.55408481,Lathe,0
49.58265132,53.77145665,11.20423664,27.6436813,Lathe,0
67.52822617,55.94456686,10.14407372,20.12256114,Drill,1
63.18015752,53.54151924,9.57558206,33.75549727,Lathe,0
59.9837999,51.75724104,8.09616308,19.67458477,Lathe,1
67.18899707,55.35075119,10.15496104,30.14228791,Lathe,1
87.97686527,49.8673937,10.51550508,19.6109409,Drill,0
76.40842861,45.59062674,7.516478849,28.39851098,Mill,0
64.2882101,49.18466518,10.66835283,38.21689078,Mill,1
75.72582781,46.27548678,9.689481902,31.80323946,Mill,0
